0,11110,종로구,상명대학교사범대학부속초등학교,110-743 서울특별시 종로구 홍지문2길 1 상명대학교사범대학부속초등학교 (홍지동. 상명대학교 7번지),
1,11110,종로구,서울교동초등학교,110-310 서울특별시 종로구 경운동 2번지(삼일대로 446),
2,11110,종로구,서울대학교사범대학부설초등학교,110-810 서울특별시 종로구 대학로64,
3,11110,종로구,서울독립문초등학교,110-813 서울특별시 종로구 무악동 (무악동 46-82),
4,11110,종로구,서울매동초등학교,110-044 서울특별시 종로구 사직로9길 19 서울 매동초등학교,
5,11110,종로구,서울명신초등학교,110-543 서울특별시 종로구 창신3동 7-40번지,
6,11110,종로구,서울세검정초등학교,110-831 서울 종로구 신영동 219-4번지,
7,11110,종로구,서울숭신초등학교,110-826 서울특별시 종로구 숭인동 242-1,
8,11110,종로구,서울재동초등학교,110-260 서울특별시 종로구 가회동 (가회동 210번지),
9,11110,종로구,서울창신초등학교,110-838 서울 종로구 창신1동 (창신1동 128번지),
10,11110,종로구,서울청운초등학교,110-030 서울특별시 종로구 청운동 (청운동 123번지),
11,11110,종로구,서울혜화초등학교,110-530 서울특별시 종로구 혜화로 32 (혜화동 13-1),
12,11110,종로구,서울효제초등학교,110-851 서울 종로구 효제동 (효제동 255-4),
13,11110,종로구,운현초등학교,110-350 서울특별시 종로구 운니동 (운니동 114번지),
14,11110,종로구,경신중학교,110-530 서울특별시 종로구 혜화로 74 (혜화동 5-119),
15,11110,종로구,대신중학교,110-091 서울특별시 종로구 사직로9길 (행촌동 171),
16,11110,종로구,덕성여자중학교,110-180 서울특별시 종로구 송현동 34번지,
17,11110,종로구,동성중학교,110-530 서울특별시 종로구 혜화동 대학로 156 (90-7),
18,11110,종로구,배화여자중학교,110-044 서울특별시 종로구 필운동 (필운동 12),
19,11110,종로구,상명대학교사범대학부속여자중학교,110-020 서울특별시 종로구 홍지문2길 20 상명대학교사범대학부속여자중학교,
20,11110,종로구,서울대학교사범대학부설여자중학교,110-810 서울특별시 종로구 대학로 64번지 (동숭동 199),
21,11110,종로구,중앙중학교,110-800 서울 종로구 계동 1번지,
22,11110,종로구,청운중학교,110-030 서울특별시 종로구 청운동 89번지,
23,11110,종로구,경기상업고등학교,110-030 서울특별시 종로구 청운동 89번지,
24,11110,종로구,경복고등학교,110-030 서울특별시 종로구 청운동 89-9,
25,11110,종로구,경신고등학교,110-530 서울특별시 종로구 혜화로 74,
26,11110,종로구,대동세무고등학교,110-800 서울특별시 종로구 계동 35번지,
27,11110,종로구,대신고등학교,110-091 서울특별시 종로구 행촌동 171번지,
28,11110,종로구,덕성여자고등학교,110-240 서울특별시 종로구 안국동 37번지,
29,11110,종로구,동성고등학교,110-530 서울특별시 종로구 혜화동 대학로 156,
30,11110,종로구,배화여자고등학교,110-735 서울특별시 종로구 필운동 12,
31,11110,종로구,상명대학교사범대학부속여자고등학교,110-743 서울특별시 종로구 홍지동 7,
32,11110,종로구,서울과학고등학교,110-530 서울특별시 종로구 혜화동 1-1번지,
33,11110,종로구,서울국제고등학교,110-521 서울특별시 종로구 명륜동1가 (종로구 명륜동 1가 1-27),
34,11110,종로구,서울예술고등학교,110-847 서울특별시 종로구 평창동 217,
35,11110,종로구,서일정보산업고등학교,110-540 서울특별시 종로구 창신동 서일정보산업고등학교,
36,11110,종로구,중앙고등학교,110-800 서울특별시 종로구 계동 1번지,
37,11110,종로구,풍문여자고등학교,110-240 서울특별시 종로구 안국동 175-2번지,
38,11140,중구,동산초등학교,100-826 서울특별시 중구 매봉 18길 109 (신당4동 333-579번지),
39,11140,중구,리라초등학교,100-250 서울특별시 중구 소파로 2길 7 리라초등학교,
40,11140,중구,서울광희초등학교,100-450 서울특별시 중구 신당동 (신당동 254번지),
41,11140,중구,서울남산초등학교,100-042 서울특별시 중구 퇴계로22길 17 (남산동 2가 2번지),
42,11140,중구,서울덕수초등학교,100-120 서울특별시 중구 덕수궁길 140 (정동 1-76번지),
43,11140,중구,서울봉래초등학교,100-372 서울특별시 중구 손기정로 73 (만리동2가),
44,11140,중구,서울신당초등학교,100-821 서울특별시 중구 신당5동 161,
45,11140,중구,서울장충초등학교,100-452 서울특별시 중구 신당2동 (신당2동 386),
46,11140,중구,서울청구초등학교,100-825 서울 중구 신당4동 (신당4동 330-2),
47,11140,중구,서울충무초등학교,100-855 서울특별시 중구 퇴계로 50길 13 (장충동2가 173-7),
48,11140,중구,서울흥인초등학교,100-456 서울특별시 중구 신당6동 (신당6동 292-66),
49,11140,중구,숭의초등학교,100-250 서울특별시 중구 예장동 (예장동 8-3),
50,11140,중구,금호여자중학교,100-456 서울특별시 중구 신당6동 (신당6동 36-234),
51,11140,중구,대경중학교,100-826 서울 중구 신당4동 333-579,
52,11140,중구,덕수중학교,100-282 서울특별시 중구 마른내로9길 10,
53,11140,중구,장원중학교,100-835 서울특별시 중구 신당2동 (신당2동 432-35번지),
54,11140,중구,장충중학교,100-835 서울특별시 중구 동호로15길 93번지 (신당동 432-460),
55,11140,중구,창덕여자중학교,100-120 서울특별시 중구 정동길 22 (정동 28),
56,11140,중구,한양중학교,100-450 서울특별시 중구 신당동 251,
57,11140,중구,환일중학교,100-372 서울특별시 중구 환일길 47,
58,11140,중구,성동고등학교,100-821 서울특별시 중구 신당5동 161번지,
59,11140,중구,성동공업고등학교,100-878 서울 중구 흥인동 1-1,
60,11140,중구,성동글로벌경영고등학교,100-823 서울특별시 중구 신당1동 250-3,
61,11140,중구,이화여자고등학교,100-120 서울특별시 중구 정동 32번지,
62,11140,중구,이화여자외국어고등학교,100-130 서울특별시 중구 순화동 1-1,
63,11140,중구,장충고등학교,100-835 서울 중구 동호로15길 93번지 (신당2동 432-460번지),
64,11140,중구,한양공업고등학교,100-450 서울특별시 중구 신당동 을지로 299,
65,11140,중구,환일고등학교,100-372 서울특별시 중구 218번지,
66,11170,용산구,서울금양초등학교,140-897 서울특별시 용산구 효창동 126-4,
67,11170,용산구,서울남정초등학교,140-905 서울 용산구 원효로2가 64길 (원효로2가 54번지),
68,11170,용산구,서울보광초등학교,140-858 서울특별시 용산구 우사단로 20 (이태원1동 15-13번지),
69,11170,용산구,서울삼광초등학교,140-190 서울특별시 용산구 두텁바위로1나길19,
70,11170,용산구,서울서빙고초등학교,140-240 서울특별시 용산구 서빙고로 51길 14번지,
71,11170,용산구,서울신용산초등학교,140-906 서울특별시 용산구 이촌1동 301-75번지,
72,11170,용산구,서울용산초등학교,140-012 서울 용산구 한강대로 57길 33 (한강로2가 1번지),
73,11170,용산구,서울용암초등학교,140-834 서울특별시 용산구 용산동2가 녹사평대로 60길 39 (용산동2가 5-1488),
74,11170,용산구,서울원효초등학교,140-040 서울특별시 용산구 산천동 (산천동 산4-2번지),
75,11170,용산구,서울이태원초등학교,140-202 서울특별시 용산구 이태원2동 (이태원2동 406번지),
76,11170,용산구,서울청파초등학교,140-132 서울특별시 용산구 효창원로 228 1-42,
77,11170,용산구,서울한강초등학교,140-013 서울특별시 용산구 한강로3가 14길 9 (한강로3가 65-5),
78,11170,용산구,서울한남초등학교,140-894 서울 용산구 한남대로112(한남2동 726-1번지),
79,11170,용산구,서울후암초등학교,140-190 서울특별시 용산구 후암동 339번지,
80,11170,용산구,신광초등학교,140-133 서울특별시 용산구 청파동3가 (청파동3가100번지),
81,11170,용산구,성심여자중학교,140-850 서울특별시 용산구 원효로19길 49 (원효로4가 1-1),
82,11170,용산구,신광여자중학교,140-133 서울특별시 용산구 청파동 3가 (청파동3가 100번지),
83,11170,용산구,오산중학교,140-823 서울 용산구 보광로7길 17 (보광동),
84,11170,용산구,용강중학교,140-906 서울 용산구 이촌1동 91(이촌동 301-78),
85,11170,용산구,용산중학교,140-833 서울 용산구 용산동2가 (용산동2가 1-1623번지),
86,11170,용산구,한강중학교,140-240 서울특별시 용산구 녹사평대로 73(서빙고동 4-1),
87,11170,용산구,배문고등학교,140-830 서울특별시 용산구 효창원로 258(서계동),
88,11170,용산구,보성여자고등학교,140-022 서울특별시 용산구 용산동2가 1-1123번지,
89,11170,용산구,서울디지텍고등학교,140-857 서울특별시 용산구 이태원2동 214-4 서울디지텍고등학교,
90,11170,용산구,선린인터넷고등학교,140-133 서울특별시 용산구 청파동3가 131-2,
91,11170,용산구,성심여자고등학교,140-850 서울특별시 용산구 원효로4가 1번지,
92,11170,용산구,신광여자고등학교,140-133 서울특별시 용산구 청파동 3가 100번지(청파로 208),
93,11170,용산구,오산고등학교,140-823 서울 용산구 보광로7길 17,
94,11170,용산구,용산고등학교,140-833 서울특별시 용산구 두텁바위로 60,
95,11170,용산구,용산공업고등학교,140-013 서울특별시 용산구 한강로 3가 65,
96,11170,용산구,중경고등학교,140-853 서울특별시 용산구 이촌1동 300-302,
97,11200,성동구,서울경동초등학교,133-111 서울특별시 성동구 성수1가1동 성수1로 34,
98,11200,성동구,서울경수초등학교,133-121 서울특별시 성동구 성수2가1동 22,
99,11200,성동구,서울경일초등학교,133-821 서울 성동구 성수1가1동 656-32번지,
100,11200,성동구,서울금북초등학교,133-800 서울 성동구 금호동1가 행당로1길 13,
101,11200,성동구,서울금옥초등학교,133-094 서울특별시 성동구 금호동4가 1254번지,
102,11200,성동구,서울금호초등학교,133-803 서울 성동구 금호동2가 69,
103,11200,성동구,서울동명초등학교,133-814 서울특별시 성동구 마장동 29(마장동 560-0),
104,11200,성동구,서울동호초등학교,133-100 서울특별시 성동구 동호로 5길 133,
105,11200,성동구,서울마장초등학교,133-815 서울특별시 성동구 마장동 766-49,
106,11200,성동구,서울무학초등학교,133-857 서울특별시 성동구 하왕십리2동 950-1번지,
107,11200,성동구,서울사근초등학교,133-817 서울특별시 성동구 사근동 11길 16,
108,11200,성동구,서울성수초등학교,133-832 서울 성동구 성수2가3동 277-32,
109,11200,성동구,서울송원초등학교,133-836 서울특별시 성동구 동일로43길 9 (송정동),
110,11200,성동구,서울옥수초등학교,133-808 서울특별시 성동구 금호동4가 440-12번지,
111,11200,성동구,서울옥정초등학교,133-839 서울특별시 성동구 옥수2동 233-16번지,
112,11200,성동구,서울용답초등학교,133-847 서울 성동구 용답동 29번지,
113,11200,성동구,서울응봉초등학교,133-852 서울 성동구 응봉동 독서당로 62길,
114,11200,성동구,서울행당초등학교,133-071 서울특별시 성동구 행당동 320번지,
115,11200,성동구,서울행현초등학교,133-868 서울특별시 성동구 행당2동 317-18,
116,11200,성동구,한양초등학교,133-070 서울특별시 성동구 행당동 17번지,
117,11200,성동구,경수중학교,133-826 서울특별시 성동구 뚝섬로 13길 14 경수중학교,
118,11200,성동구,경일중학교,133-819 서울 성동구 성수1가1동 22-27번지,
119,11200,성동구,광희중학교,133-852 서울특별시 성동구 응봉동 독서당로 62길 46,
120,11200,성동구,동마중학교,133-811 서울시 성동구 마조로11길 18 (마장동405-45),
121,11200,성동구,마장중학교,133-815 서울특별시 성동구 마장동 766-49,
122,11200,성동구,무학중학교,133-072 서울특별시 성동구 행당2동 322-1번지,
123,11200,성동구,성수중학교,133-825 서울 성동구 성수1가2동 685-143,
124,11200,성동구,성원중학교,133-827 서울특별시 성동구 성덕정9가길 13,
125,11200,성동구,옥정중학교,133-839 서울특별시 성동구 옥수동 227번지,
126,11200,성동구,한양대학교사범대학부속중학교,133-817 서울특별시 성동구 사근동 223번지,
127,11200,성동구,행당중학교,133-862 서울특별시 성동구 왕십리로 189,
128,11200,성동구,경일고등학교,133-819 서울특별시 성동구 성수1가1동 22-27번지,
129,11200,성동구,덕수고등학교,133-070 서울특별시 성동구 행당동 70-28번지,
130,11200,성동구,무학여자고등학교,133-070 서울특별시 성동구 행당동 고산자로 197,
131,11200,성동구,서울방송고등학교,133-846 서울 성동구 옥수1동 556-1번지,
132,11200,성동구,성수고등학교,133-923 서울특별시 성동구 성수동1가 685-143,
133,11200,성동구,성수공업고등학교,133-121 서울 성동구 성수2가1동 330-10,
134,11200,성동구,한양대학교사범대학부속고등학교,133-817 서울 성동구 사근동 223번지,
135,11215,광진구,경복초등학교,143-847 서울 광진구 능동 25번지,
136,11215,광진구,서울광남초등학교,143-815 서울특별시 광진구 광장동 아차산로 70길 35,
137,11215,광진구,서울광장초등학교,143-210 서울특별시 광진구 광장동 광장로1길 27 서울광장초등학교,
138,11215,광진구,서울광진초등학교,143-818 서울특별시 광진구 구의동 자양로 40길 41,
139,11215,광진구,서울구남초등학교,143-831 서울 광진구 구의3동 587-95번지,
140,11215,광진구,서울구의초등학교,143-926 서울특별시 광진구 광나루로 30길 49,
141,11215,광진구,서울동의초등학교,143-816 서울 광진구 구의2동 영화사로 111,
142,11215,광진구,서울동자초등학교,143-861 서울특별시 광진구 자양3동 561,
143,11215,광진구,서울성자초등학교,143-873 서울특별시 광진구 자양2동 662,
144,11215,광진구,서울신양초등학교,143-861 서울 광진구 자양3동 506-1번지,
145,11215,광진구,서울신자초등학교,143-865 서울 광진구 자양동 뚝섬로 46길 64,
146,11215,광진구,서울양남초등학교,143-875 서울특별시 광진구 자양2동 (자양동. 서울양남초등학교),
147,11215,광진구,서울양진초등학교,143-210 서울특별시 광진구 광장동 워커힐길 32,
148,11215,광진구,서울용곡초등학교,143-224 서울특별시 광진구 중곡4동 176-1,
149,11215,광진구,서울용마초등학교,143-891 서울특별시 광진구 중곡2동 135-1번지,
150,11215,광진구,서울자양초등학교,143-852 서울특별시 광진구 자양1동 222-6(자양새싹길 14),
151,11215,광진구,서울장안초등학교,143-840 서울특별시 광진구 군자동 74,
152,11215,광진구,서울중광초등학교,143-900 서울특별시 광진구 중곡3동 중광초등학교,
153,11215,광진구,서울중마초등학교,143-901 서울 광진구 중곡3동 191-70번지,
154,11215,광진구,서울화양초등학교,143-914 서울특별시 광진구 화양동 12-2,
155,11215,광진구,성동초등학교,143-875 서울특별시 광진구 자양동 694-1,
156,11215,광진구,세종초등학교,143-150 서울특별시 광진구 군자동 98번지,
157,11215,광진구,건국대학교사범대학부속중학교,143-853 서울 광진구 자양1동 자양로 145-1,
158,11215,광진구,광남중학교,143-815 서울 광진구 광장동 554-15,
159,11215,광진구,광양중학교,143-873 서울특별시 광진구 자양2동 3길7,
160,11215,광진구,광장중학교,143-210 서울특별시 광진구 광장동 394-5,
161,11215,광진구,광진중학교,143-875 서울특별시 광진구 뚝섬로 64길 45 (자양2동)693번지,
162,11215,광진구,구의중학교,143-926 서울특별시 광진구 광나루로30길80. 가동(화양동),
163,11215,광진구,대원국제중학교,143-713 서울특별시 광진구 중곡4동 176-124 대원국제중학교,
164,11215,광진구,동국대학교사범대학부속여자중학교,143-824 서울 광진구 구의1동 238-1,
165,11215,광진구,신양중학교,143-844 서울특별시 광진구 자양4동 57-8,
166,11215,광진구,양진중학교,143-812 서울특별시 광진구 광장동 414-1,
167,11215,광진구,용곡중학교,143-907 서울특별시 광진구 용마산로 22길 76 용곡중학교,
168,11215,광진구,자양중학교,143-193 서울특별시 광진구 자양3동 524,
169,11215,광진구,건국대학교사범대학부속고등학교,143-701 서울특별시 광진구 화양동 1,
170,11215,광진구,광남고등학교,143-815 서울 광진구 광장동 554-11,
171,11215,광진구,광양고등학교,143-873 서울특별시 광진구 자양2동 674-1번지,
172,11215,광진구,대원고등학교,143-713 서울특별시 광진구 용마산로 22길 26번지,
173,11215,광진구,대원여자고등학교,143-907 서울특별시 광진구 중곡4동 176-124,
174,11215,광진구,대원외국어고등학교,143-713 서울특별시 광진구 용마산로 22길26 대원외국어고등학교,
175,11215,광진구,동국대학교사범대학부속여자고등학교,143-824 서울특별시 광진구 광나루로 36길 47,
176,11215,광진구,선화예술고등학교,143-847 서울특별시 광진구 능동 25,
177,11215,광진구,자양고등학교,143-861 서울특별시 광진구 뚝섬로 37길 28 (자양3동 524),
178,11230,동대문구,경희초등학교,130-701 동대문구 1번지(경희대로26) 경희대학교 병설 경희초등학교,
179,11230,동대문구,서울군자초등학교,130-101 서울특별시 동대문구 장안1동 239-2,
180,11230,동대문구,서울답십리초등학교,130-030 서울특별시 동대문구 답십리동 274번지,
181,11230,동대문구,서울동답초등학교,130-800 서울특별시 동대문구 답십리2동 2-24,
182,11230,동대문구,서울배봉초등학교,130-848 서울특별시 동대문구 전농2동 3-111 (전농동. 서울배봉초등학교),
183,11230,동대문구,서울삼육초등학교,130-050 서울특별시 동대문구 회기동 삼육새싹1길 41,
184,11230,동대문구,서울신답초등학교,130-804 서울특별시 동대문구 답십리3동 177번지,
185,11230,동대문구,서울안평초등학교,130-841 서울특별시 동대문구 장안1동 353-1,
186,11230,동대문구,서울용두초등학교,130-823 서울특별시 동대문구 용두2동 237-1,
187,11230,동대문구,서울이문초등학교,130-083 서울특별시 동대문구 이문3동 164-26,
188,11230,동대문구,서울장평초등학교,130-839 서울 동대문구 장안2동 323번지,
189,11230,동대문구,서울전곡초등학교,130-853 서울특별시 동대문구 전농2동 172,
190,11230,동대문구,서울전농초등학교,130-020 서울특별시 동대문구 전농동 306,
191,11230,동대문구,서울전동초등학교,130-850 서울특별시 동대문구 전농3동 45-41,
192,11230,동대문구,서울종암초등학교,130-062 서울특별시 동대문구 제기2동 1157,
193,11230,동대문구,서울청량초등학교,130-872 서울특별시 동대문구 회기동 1-1,
194,11230,동대문구,서울홍릉초등학교,130-868 서울특별시 동대문구 청량리2동 206-44,
195,11230,동대문구,서울홍파초등학교,130-863 서울특별시 동대문구 제기동 678,
196,11230,동대문구,서울휘경초등학교,130-092 서울특별시 동대문구 휘경2동 302-2,
197,11230,동대문구,서울휘봉초등학교,130-874 서울특별시 동대문구 휘경2동 6~68 49-27,
198,11230,동대문구,은석초등학교,130-839 서울 동대문구 장안2동 328,
199,11230,동대문구,경희여자중학교,130-872 서울특별시 동대문구 회기동 1번지,
200,11230,동대문구,경희중학교,130-701 서울특별시 동대문구 경희대로26 (이문동),
201,11230,동대문구,대광중학교,130-810 서울특별시 동대문구 신설동 안암로6 (신설동),
202,11230,동대문구,동국대학교사범대학부속중학교,130-839 서울특별시 동대문구 장안2동 328번지,
203,11230,동대문구,동대문중학교,130-020 서울특별시 동대문구 전농동 사가정길 59번지,
204,11230,동대문구,성일중학교,130-861 서울특별시 동대문구 제기2동 23길 55,
205,11230,동대문구,숭인중학교,130-030 서울특별시 동대문구 답십리동 463-1 번지,
206,11230,동대문구,장평중학교,130-841 서울 동대문구 장안동 352,
207,11230,동대문구,전농중학교,130-850 서울 동대문구 전농2동 58번지,
208,11230,동대문구,전동중학교,130-092 서울특별시 동대문구 휘경2동 49-295,
209,11230,동대문구,전일중학교,130-850 서울 동대문구 전농동 60-1,
210,11230,동대문구,정화여자중학교,130-061 서울특별시 동대문구 제기1동 293번지,
211,11230,동대문구,청량중학교,130-866 서울특별시 동대문구 청량리1동 14번지,
212,11230,동대문구,휘경여자중학교,130-090 서울 동대문구 휘경동 43-7번지,
213,11230,동대문구,휘경중학교,130-878 서울 동대문구 휘경2동 286-66번지,
214,11230,동대문구,경희고등학교,130-080 서울특별시 동대문구 이문동 (이문1-3),
215,11230,동대문구,경희여자고등학교,130-050 서울특별시 동대문구 회기동 1번지,
216,11230,동대문구,대광고등학교,130-810 서울특별시 동대문구 신설동 안암로 6가(신설동.대광고등학교),
217,11230,동대문구,동국대학교사범대학부속고등학교,130-839 서울특별시 동대문구 장안벚꽃로 201,
218,11230,동대문구,정화여자상업고등학교,130-862 서울특별시 동대문구 제기동 50,
219,11230,동대문구,청량고등학교,130-866 서울 동대문구 청량리1동 7번지,
220,11230,동대문구,해성국제컨벤션고등학교,130-850 서울특별시 동대문구 전농3동 90-3번지,
221,11230,동대문구,해성여자고등학교,130-023 서울특별시 동대문구 전농3동 90-3,
222,11230,동대문구,휘경공업고등학교,130-874 서울특별시 동대문구 휘경동 겸재로 21,
223,11230,동대문구,휘경여자고등학교,130-090 서울특별시 동대문구 휘경동 43-7번지,
224,11230,동대문구,휘봉고등학교,130-874 서울특별시 동대문구 휘경2동 43-1,
225,11260,중랑구,금성초등학교,131-130 서울특별시 중랑구 신내동 (651번지),
226,11260,중랑구,서울동원초등학교,131-802 서울특별시 중랑구 망우1동 216,
227,11260,중랑구,서울망우초등학교,131-802 서울 중랑구 망우동 153-1,
228,11260,중랑구,서울면남초등학교,131-207 서울특별시 중랑구 면목7동 583-15,
229,11260,중랑구,서울면동초등학교,131-818 서울 중랑구 면목본동 551,
230,11260,중랑구,서울면목초등학교,131-817 서울특별시 중랑구 면목1동 221,
231,11260,중랑구,서울면북초등학교,131-801 서울 중랑구 용마공원로 5길 32,
232,11260,중랑구,서울면일초등학교,131-806 서울 중랑구 망우3동 440번지,
233,11260,중랑구,서울면중초등학교,131-203 서울특별시 중랑구 면목3동 용마산로 70길 43,
234,11260,중랑구,서울묵동초등학교,131-875 서울 중랑구 중화1동 277-1,
235,11260,중랑구,서울묵현초등학교,131-852 서울특별시 중랑구 동일로 157길 75,
236,11260,중랑구,서울봉화초등학교,131-872 서울 중랑구 신내2동 655,
237,11260,중랑구,서울상봉초등학교,131-882 서울특별시 중랑구 상봉동 312-1,
238,11260,중랑구,서울신내초등학교,131-868 서울특별시 중랑구 신내1동 444번지,
239,11260,중랑구,서울신묵초등학교,131-853 서울특별시 중랑구 묵2동 246-12,
240,11260,중랑구,서울신현초등학교,131-865 서울특별시 중랑구 봉화산길 188,
241,11260,중랑구,서울원묵초등학교,131-846 서울특별시 중랑구 묵1동 109번지,
242,11260,중랑구,서울중곡초등학교,131-830 서울 중랑구 면목4동 면목 23길 20,
243,11260,중랑구,서울중랑초등학교,131-824 서울 중랑구 면목2동 서울중랑초등학교,
244,11260,중랑구,서울중목초등학교,131-820 서울특별시 중랑구 면목2동 180-5,
245,11260,중랑구,서울중화초등학교,131-130 서울특별시 중랑구 신내동 서울중화초등학교,
246,11260,중랑구,서울중흥초등학교,131-876 서울특별시 중랑구 중화동 119 서울중흥초등학교,
247,11260,중랑구,동원중학교,131-230 서울특별시 중랑구 망우동 85-2,
248,11260,중랑구,면목중학교,131-812 서울 중랑구 면목8동 490번지,
249,11260,중랑구,봉화중학교,131-231 서울특별시 중랑구 망우본동 122-1,
250,11260,중랑구,상봉중학교,131-856 서울특별시 중랑구 상봉1동 28,
251,11260,중랑구,송곡여자중학교,131-800 서울특별시 중랑구 망우본동 252-1,
252,11260,중랑구,신현중학교,131-863 서울특별시 중랑구 상봉1동 483번지,
253,11260,중랑구,영란여자중학교,131-802 서울특별시 중랑구 망우로 73길 56,
254,11260,중랑구,용마중학교,131-204 서울특별시 중랑구 면목4동 378-2번지,
255,11260,중랑구,원묵중학교,131-846 서울특별시 중랑구 묵1동 12번지,
256,11260,중랑구,장안중학교,131-877 서울 중랑구 중화1동 288-26번지,
257,11260,중랑구,중랑중학교,131-875 서울특별시 중랑구 중화1동 동일로140길33(276-1),
258,11260,중랑구,중화중학교,131-812 서울특별시 중랑구 면목3.8동 83,
259,11260,중랑구,태릉중학교,131-849 서울특별시 중랑구 묵동 121-278,
260,11260,중랑구,혜원여자중학교,131-230 서울특별시 중랑구 망우동 519(혜원길 23),
261,11260,중랑구,면목고등학교,131-812 서울특별시 중랑구 면목동 36-14 (산30번지),
262,11260,중랑구,송곡고등학교,131-800 서울특별시 중랑구 양원역로 50 (망우동),
263,11260,중랑구,송곡관광고등학교,131-800 서울특별시 중랑구 망우본동 252-1번지,
264,11260,중랑구,송곡여자고등학교,131-230 서울특별시 중랑구 망우동 252-1번지,
265,11260,중랑구,신현고등학교,131-863 서울특별시 중랑구 상봉1동 482번지,
266,11260,중랑구,원묵고등학교,131-846 서울특별시 중랑구 숙선옹주로 82 원묵고등학교,
267,11260,중랑구,이화여자대학교병설미디어고등학교,131-802 서울특별시 중랑구 망우본동 220번지,
268,11260,중랑구,중화고등학교,131-875 서울특별시 중랑구 중화동 21-4,
269,11260,중랑구,태릉고등학교,131-141 서울특별시 중랑구 묵1동 6번지,
270,11260,중랑구,혜원여자고등학교,131-807 서울 중랑구 봉우재로 58길 39,
271,11290,성북구,광운초등학교,136-831 서울특별시 성북구 장위3동 128번지,
272,11290,성북구,대광초등학교,136-087 서울특별시 성북구 보문동 7가 111번지,
273,11290,성북구,매원초등학교,136-890 서울특별시 성북구 돈암1동 45(북악산길 870),
274,11290,성북구,서울개운초등학교,136-813 서울 성북구 돈암1동 2-8번지,
275,11290,성북구,서울길원초등학교,136-110 서울특별시 성북구 길음동 1280-4,
276,11290,성북구,서울길음초등학교,136-807 서울 성북구 길음로 142,
277,11290,성북구,서울돈암초등학교,136-036 서울특별시 성북구 동소문동6가 27-1,
278,11290,성북구,서울동신초등학교,136-083 서울특별시 성북구 보문동3가 228번지,
279,11290,성북구,서울미아초등학교,136-807 서울 성북구 길음2동 1168번지,
280,11290,성북구,서울삼선초등학교,136-043 서울특별시 성북구 삼선동 3가 삼선초등학교,
281,11290,성북구,서울석계초등학교,136-150 서울특별시 성북구 석관동 (석관동.서울석계초등학교),
282,11290,성북구,서울석관초등학교,136-818 서울특별시 성북구 석관동 감나무길 15(석관동 205번지),
283,11290,성북구,서울성북초등학교,136-823 서울특별시 성북구 성북동 66-1,
284,11290,성북구,서울숭곡초등학교,136-131 서울특별시 성북구 하월곡1동 40길 30번,
285,11290,성북구,서울숭덕초등학교,136-845 서울특별시 성북구 정릉로 279,
286,11290,성북구,서울숭례초등학교,136-860 서울특별시 성북구 종암동 종암로5길 14,
287,11290,성북구,서울숭인초등학교,131-130 서울특별시 성북구 하월곡동 222-4,
288,11290,성북구,서울안암초등학교,136-072 서울특별시 성북구 안암동2가 93,
289,11290,성북구,서울월곡초등학교,136-839 서울특별시 성북구 장월로3길 42,
290,11290,성북구,서울일신초등학교,136-858 서울 성북구 종암2동 1-79번지,
291,11290,성북구,서울장곡초등학교,136-833 서울특별시 성북구 장위1동 235-1번지,
292,11290,성북구,서울장월초등학교,136-140 서울특별시 성북구 장위동 (장위동),
293,11290,성북구,서울장위초등학교,136-829 서울특별시 성북구 장위2동 68-8번지(장월로 8가길 41),
294,11290,성북구,서울정덕초등학교,136-037 서울특별시 성북구 동소문동7가 118-1,
295,11290,성북구,서울정릉초등학교,136-847 서울특별시 성북구 정릉4동 798,
296,11290,성북구,서울정수초등학교,136-843 서울 성북구 정릉2동 58,
297,11290,성북구,서울청덕초등학교,136-854 서울특별시 성북구 정릉3동 9라길11(정릉3동847),
298,11290,성북구,성신초등학교,136-060 서울특별시 성북구 돈암동 산11-269,
299,11290,성북구,우촌초등학교,136-062 서울특별시 성북구 돈암2동 52-1,
300,11290,성북구,개운중학교,136-814 서울특별시 성북구 돈암동 83-145,
301,11290,성북구,고려대학교사범대학부속중학교,136-856 서울 성북구 정릉3동 산1-2번지,
302,11290,성북구,고명중학교,136-060 서울특별시 성북구 돈암동 45-88번지,
303,11290,성북구,길음중학교,136-110 서울특별시 성북구 길음동 635-7,
304,11290,성북구,남대문중학교,136-143 서울특별시 성북구 장위3동 95길 28,
305,11290,성북구,동구여자중학교,136-020 서울특별시 성북구 성북동 168-275번지,
306,11290,성북구,북악중학교,136-842 서울 성북구 정릉로12길 41,
307,11290,성북구,삼선중학교,136-031 서울특별시 성북구 동소문동1가 140-1,
308,11290,성북구,서울대학교사범대학부설중학교,136-858 서울특별시 성북구 종암2동 19번지,
309,11290,성북구,석관중학교,136-816 서울특별시 성북구 한천로 525 (석관동 88-2),
310,11290,성북구,성신여자중학교,136-060 서울특별시 성북구 돈암동 북악산로 918,
311,11290,성북구,숭곡중학교,136-130 서울특별시 성북구 하월곡동 87-1,
312,11290,성북구,용문중학교,136-072 서울특별시 성북구 안암동2가 96-1,
313,11290,성북구,월곡중학교,136-120 서울특별시 성북구 상월곡동 35-1번지,
314,11290,성북구,장위중학교,136-836 서울특별시 성북구 장위동 231-623번지,
315,11290,성북구,종암중학교,136-860 서울 성북구 종암1동 32-3번지,
316,11290,성북구,한성여자중학교,136-042 서울특별시 성북구 삼선동2가 (삼선동2가),
317,11290,성북구,홍익대학교사범대학부속중학교,136-825 서울 성북구 성북1동 14가길 23 (성북1동 151),
318,11290,성북구,경동고등학교,136-043 서울특별시 성북구 보문로 29길 49,
319,11290,성북구,고려대학교사범대학부속고등학교,136-856 서울특별시 성북구 정릉3동 (정릉3동. 산 1-2),
320,11290,성북구,고명정보산업고등학교,136-060 서울특별시 성북구 돈암동 45-88번지,
321,11290,성북구,대일관광고등학교,136-857 서울특별시 성북구 정릉4동 17-6,
322,11290,성북구,대일외국어고등학교,136-857 서울특별시 성북구 정릉동 산 16-36,
323,11290,성북구,동구마케팅고등학교,136-825 서울특별시 성북구 성북동 성북로 8길 71,
324,11290,성북구,서울대학교사범대학부설고등학교,136-090 서울특별시 성북구 종암동 (종암동),
325,11290,성북구,서울도시과학기술고등학교,136-130 서울특별시 성북구 종암로 196 서울도시과학기술고등학교,
326,11290,성북구,석관고등학교,136-816 서울특별시 성북구 석관동 77-1,
327,11290,성북구,성신여자고등학교,136-060 서울특별시 성북구 돈암동 26가길 80,
328,11290,성북구,용문고등학교,136-072 서울특별시 성북구 안암동 2가 96-1,
329,11290,성북구,한성여자고등학교,136-042 서울특별시 성북구 삼선동2가 117,
330,11290,성북구,홍익대학교사범대학부속고등학교,136-825 서울특별시 성북구 성북로 14가길 23(성북동),
331,11305,강북구,서울미양초등학교,142-822 서울특별시 강북구 삼양동 837-687,
332,11305,강북구,서울번동초등학교,142-060 서울 강북구 번동 236번지 서울번동초등학교,
333,11305,강북구,서울삼각산초등학교,142-100 서울특별시 강북구 미아동 삼양로 19길 141(미아동),
334,11305,강북구,서울삼양초등학교,142-100 서울특별시 강북구 미아동 791-1932번지,
335,11305,강북구,서울송중초등학교,142-806 서울특별시 강북구 송중동 94-1,
336,11305,강북구,서울송천초등학교,142-708 서울특별시 강북구 미아5동 송천초등학교 438번지,
337,11305,강북구,서울수송초등학교,142-865 서울 강북구 번1동 456번지(충효길 12),
338,11305,강북구,서울수유초등학교,142-874 서울특별시 강북구 수유1동 55-5번지,
339,11305,강북구,서울오현초등학교,142-063 서울특별시 강북구 번3동 248번지,
340,11305,강북구,서울우이초등학교,142-884 서울특별시 강북구 수유5동 36,
341,11305,강북구,서울유현초등학교,142-071 서울특별시 강북구 수유1동 466-52번지,
342,11305,강북구,서울인수초등학교,142-882 서울특별시 강북구 인수봉로 269,
343,11305,강북구,서울화계초등학교,142-808 서울특별시 강북구 미아동 127-2,
344,11305,강북구,영훈초등학교,142-709 서울특별시 강북구 미아동 471-2,
345,11305,강북구,강북중학교,142-878 서울특별시 강북구 한천로 150길 67 (수유3동 694),
346,11305,강북구,미양중학교,142-822 서울특별시 강북구 미아동 837-734,
347,11305,강북구,번동중학교,142-862 서울특별시 강북구 번2동 231번지,
348,11305,강북구,삼각산중학교,142-100 서울특별시 강북구 미아동 1357-11번지(벚꽃길59),
349,11305,강북구,서라벌중학교,142-090 서울특별시 강북구 우이동 103-9번지,
350,11305,강북구,성암여자중학교,142-816 서울특별시 강북구 미아동 320-1,
351,11305,강북구,수송중학교,142-061 서울특별시 강북구 번1동 456-1번지,
352,11305,강북구,수유중학교,142-071 서울특별시 강북구 수유1동 491-61,
353,11305,강북구,신일중학교,142-711 서울특별시 강북구 미아동 신일중학교 193-1,
354,11305,강북구,영훈국제중학교,142-709 서울특별시 강북구 미아5동 영훈학교 471-2번지,
355,11305,강북구,인수중학교,142-882 서울 강북구 수유6동 551(인수봉로 75길 10),
356,11305,강북구,창문여자중학교,142-802 서울 강북구 송중동 월계로 61,
357,11305,강북구,화계중학교,142-886 서울 강북구 화계사길 63 수유1동 491-28,
358,11305,강북구,미양고등학교,142-100 서울특별시 강북구 인수봉로 39-1,
359,11305,강북구,삼각산고등학교,142-818 서울특별시 강북구 삼각산동 1265~1268 1267-38,
360,11305,강북구,성암국제무역고등학교,142-816 서울특별시 강북구 미아동 320-1,
361,11305,강북구,신일고등학교,142-711 서울특별시 강북구 미아3동 신일고등학교 193-1번지,
362,11305,강북구,영훈고등학교,142-709 서울특별시 강북구 미아동 471-2,
363,11305,강북구,창문여자고등학교,142-802 서울특별시 강북구 송중동 월계로 61,
364,11305,강북구,혜화여자고등학교,142-886 서울 강북구 수유1동 468-43,
365,11320,도봉구,동북초등학교,132-715 서울특별시 도봉구 시루봉로 53 (쌍문동) 263번지,
366,11320,도봉구,서울가인초등학교,132-906 서울특별시 도봉구 창동 224-20,
367,11320,도봉구,서울누원초등학교,132-800 서울특별시 도봉구 도봉2동 859-44(도봉2동),
368,11320,도봉구,서울도봉초등학교,132-824 서울특별시 도봉구 도봉1동 산75번지 (새주소: 서울특별시 도봉구 도봉로 173길 96),
369,11320,도봉구,서울방학초등학교,132-829 서울특별시 도봉구 방학동 302,
370,11320,도봉구,서울백운초등학교,132-885 서울특별시 도봉구 삼양로 146길 17 (쌍문 1동),
371,11320,도봉구,서울숭미초등학교,132-878 서울 도봉구 쌍문1동 서울숭미초등학교,
372,11320,도봉구,서울신방학초등학교,132-830 서울 도봉구 방학3동 310번지,
373,11320,도봉구,서울신창초등학교,132-916 서울 도봉구 창3동 60길93,
374,11320,도봉구,서울신학초등학교,132-020 서울특별시 도봉구 방학동 247-21,
375,11320,도봉구,서울신화초등학교,132-916 서울특별시 도봉구 우이천길120 (창3동 504-33),
376,11320,도봉구,서울쌍문초등학교,132-882 서울특별시 도봉구 쌍문1동 쌍문초등학교,
377,11320,도봉구,서울오봉초등학교,132-820 서울특별시 도봉구 시루봉길 285 서울오봉초등학교,
378,11320,도봉구,서울월천초등학교,132-901 서울특별시 도봉구 창4동 노해로70길 96,
379,11320,도봉구,서울자운초등학교,132-905 서울특별시 도봉구 창4동 13길 166,
380,11320,도봉구,서울창경초등학교,132-862 서울특별시 도봉구 쌍문동 72,
381,11320,도봉구,서울창도초등학교,132-854 서울 도봉구 방학1동 722(방학로 88-1),
382,11320,도봉구,서울창동초등학교,132-906 서울특별시 도봉구 해등로 16길 81 서울창동초등학교,
383,11320,도봉구,서울창림초등학교,132-042 서울특별시 도봉구 덕릉로 63길 46번지 411-8,
384,11320,도봉구,서울창원초등학교,132-908 서울특별시 도봉구 창5동 308,
385,11320,도봉구,서울창일초등학교,132-911 서울특별시 도봉구 창1동 371,
386,11320,도봉구,서울초당초등학교,132-020 서울특별시 도봉구 방학동 해등로 32길 11,
387,11320,도봉구,한신초등학교,132-716 서울특별시 도봉구 노해로 49길 69(쌍문동),
388,11320,도봉구,노곡중학교,132-901 서울특별시 도봉구 창동 32,
389,11320,도봉구,도봉중학교,132-821 서울특별시 도봉구 마들로 671,
390,11320,도봉구,방학중학교,132-831 서울 도봉구 방학2동 313번지,
391,11320,도봉구,백운중학교,132-862 서울특별시 도봉구 도봉로 129길 50,
392,11320,도봉구,북서울중학교,132-816 서울특별시 도봉구 도봉1동 169 가길 33,
393,11320,도봉구,선덕중학교,132-715 서울특별시 도봉구 시루봉로 53. (쌍문동. 선덕중학교),
394,11320,도봉구,신도봉중학교,132-864 서울특별시 도봉구 쌍문3동 94-1번지,
395,11320,도봉구,신방학중학교,132-830 서울시 도봉구 시루봉로 156(방학동),
396,11320,도봉구,정의여자중학교,132-716 서울 도봉구 노해로 49길 69(쌍문동) 정의여자중학교,
397,11320,도봉구,창동중학교,132-854 서울특별시 도봉구 방학동 722-27,
398,11320,도봉구,창북중학교,132-925 서울 도봉구 창1동 683-27번지,
399,11320,도봉구,창일중학교,132-911 서울 도봉구 창1동 노해로 66길 60,
400,11320,도봉구,효문중학교,132-030 서울특별시 도봉구 우이천로 432,
401,11320,도봉구,누원고등학교,132-010 서울특별시 도봉구 마들로 849,
402,11320,도봉구,도봉고등학교,132-812 서울특별시 도봉구 도봉동 556번지 도봉고등학교,
403,11320,도봉구,서울문화고등학교,132-854 서울특별시 도봉구 방학동 723,
404,11320,도봉구,서울외국어고등학교,132-901 서울특별시 도봉구 덕릉로 66길 22 (창동. 서울외국어고등학교),
405,11320,도봉구,선덕고등학교,132-715 서울특별시 도봉구 쌍문4동 263번지,
406,11320,도봉구,세그루패션디자인고등학교,132-030 서울특별시 도봉구 쌍문동 263번지,
407,11320,도봉구,자운고등학교,132-898 서울특별시 도봉구 창4동 1번지,
408,11320,도봉구,정의여자고등학교,132-716 서울특별시 도봉구 쌍문4동 150-1번지,
409,11320,도봉구,창동고등학교,132-925 서울특별시 도봉구 창동 694-10,
410,11320,도봉구,효문고등학교,132-887 서울특별시 도봉구 쌍문1동 468,
411,11350,노원구,상명초등학교,139-865 서울 노원구 중계3동 덕릉로 541번지(중계3동 515-1),
412,11350,노원구,서울계상초등학교,139-205 서울특별시 노원구 상계5동 447-1,
413,11350,노원구,서울공릉초등학교,139-808 서울특별시 노원구 공릉1동 173길 12,
414,11350,노원구,서울공연초등학교,139-801 서울특별시 노원구 공릉동 371-10,
415,11350,노원구,서울노원초등학교,139-837 서울 노원구 동일로 230 나길 32,
416,11350,노원구,서울노일초등학교,139-837 서울특별시 노원구 동1로 1625,
417,11350,노원구,서울녹천초등학교,139-053 서울특별시 노원구 월계3동 322-2번지,
418,11350,노원구,서울당현초등학교,139-207 서울특별시 노원구 상계6.7동 동일로213(건물번호56),
419,11350,노원구,서울덕암초등학교,139-200 서울특별시 노원구 상계동 1274번지 1274,
420,11350,노원구,서울동일초등학교,139-835 서울 노원구 상계8동 한글비석로 566,
421,11350,노원구,서울불암초등학교,139-861 서울 노원구 중계본동 366-2,
422,11350,노원구,서울상경초등학교,139-906 서울특별시 노원구 상계8동 621(수락산길 237),
423,11350,노원구,서울상계초등학교,139-818 서울특별시 노원구 상계2동 402-1,
424,11350,노원구,서울상곡초등학교,139-825 서울특별시 노원구 상계동 678,
425,11350,노원구,서울상수초등학교,139-943 서울특별시 노원구 상계7동 66(상계동),
426,11350,노원구,서울상원초등학교,139-209 서울특별시 노원구 상계9동 645번지(한글비석로 54길 119),
427,11350,노원구,서울상월초등학교,139-827 서울 노원구 상계10동 동일로 221길 27,
428,11350,노원구,서울상천초등학교,139-831 서울특별시 노원구 상계6동 768(당고개길 9),
429,11350,노원구,서울선곡초등학교,139-846 서울 노원구 월계1동 446번지(선곡길1),
430,11350,노원구,서울수락초등학교,139-838 서울 노원구 상계1동 1171-2번지,
431,11350,노원구,서울수암초등학교,139-854 서울특별시 노원구 중계로12가길 9 서울수암초등학교,
432,11350,노원구,서울신계초등학교,139-052 서울특별시 노원구 월계2동 602번지 (초안산로 29),
433,11350,노원구,서울신상계초등학교,139-811 서울특별시 노원구 상계4동 86-1번지,
434,11350,노원구,서울연지초등학교,139-842 서울특별시 노원구 월계로 55길 48,
435,11350,노원구,서울연촌초등학교,139-871 서울특별시 노원구 공릉로 58길 36(하계동),
436,11350,노원구,서울온곡초등학교,139-209 서울 노원구 상계9동 638번지(한글비석로 52길 59),
437,11350,노원구,서울용동초등학교,139-865 서울특별시 노원구 중계3동 510-1번지(소방서길 41-1),
438,11350,노원구,서울용원초등학교,139-805 서울특별시 노원구 공릉3동 709번지 (섬밭길 144),
439,11350,노원구,서울원광초등학교,139-860 서울특별시 노원구 덕릉로 76길 18,
440,11350,노원구,서울월계초등학교,139-848 서울특별시 노원구 월계동 561,
441,11350,노원구,서울을지초등학교,139-860 서울특별시 노원구 중계로 239,
442,11350,노원구,서울중계초등학교,139-224 서울특별시 노원구 중계4동 449-2번지,
443,11350,노원구,서울중원초등학교,139-863 서울특별시 노원구 중계2동 (중계2.3동)중원초등학교,
444,11350,노원구,서울중평초등학교,139-232 서울특별시 노원구 섬밭로 241,
445,11350,노원구,서울중현초등학교,139-873 서울특별시 노원구 하계2동 181,
446,11350,노원구,서울청계초등학교,139-865 서울 노원구 중계3동 공릉로 431(중계동),
447,11350,노원구,서울태랑초등학교,139-242 서울특별시 노원구 공릉2동 116번지,
448,11350,노원구,서울태릉초등학교,139-800 서울특별시 노원구 공릉동 36번지,
449,11350,노원구,서울한천초등학교,139-053 서울특별시 노원구 월계3동 3-7,
450,11350,노원구,청원초등학교,139-209 서울특별시 노원구 상계9동 506,
451,11350,노원구,태강삼육초등학교,139-242 서울특별시 노원구 공릉2동 26-39(화랑로 813),
452,11350,노원구,화랑초등학교,139-242 서울특별시 노원구 화랑로 621,
453,11350,노원구,공릉중학교,139-242 서울특별시 노원구 공릉2동 42번지,
454,11350,노원구,광운중학교,139-847 서울특별시 노원구 광운로1길 24 월계동.500번지,
455,11350,노원구,노원중학교,139-830 서울특별시 노원구 동일로213길 26 상계6.7동 743번지,
456,11350,노원구,노일중학교,139-837 서울특별시 노원구 상계1동 동일로 231길 24,
457,11350,노원구,녹천중학교,139-842 서울특별시 노원구 월계로 376,
458,11350,노원구,불암중학교,139-230 서울특별시 노원구 한글비석로5길 45,
459,11350,노원구,상경중학교,139-208 서울 노원구 상계8동 653번지,
460,11350,노원구,상계제일중학교,139-856 서울 노원구 중계4동 132번지,
461,11350,노원구,상계중학교,139-816 서울 노원구 상계2동 195-5(노원길 398),
462,11350,노원구,상명중학교,139-725 서울특별시 노원구 중계동 515,
463,11350,노원구,상원중학교,139-209 서울특별시 노원구 상계9동 632,
464,11350,노원구,수락중학교,139-838 서울특별시 노원구 동일로 1729번지(상계1동),
465,11350,노원구,신상중학교,139-943 서울특별시 노원구 동일로 216길 42,
466,11350,노원구,신창중학교,139-852 서울 노원구 월계동 805-5,
467,11350,노원구,염광중학교,139-724 서울특별시 노원구 월계로 45가길 9 139-724,
468,11350,노원구,온곡중학교,139-825 서울특별시 노원구 노원로 492 상계10동 687번지,
469,11350,노원구,월계중학교,139-848 서울 노원구 월계2동 45가길54(602-1),
470,11350,노원구,을지중학교,139-860 서울 노원구 중계1동 360-19번지,
471,11350,노원구,재현중학교,139-928 서울특별시 노원구 중계4동 129-1,
472,11350,노원구,중계중학교,139-859 서울특별시 노원구 덕릉로 76길 23 중계동(중계중학교),
473,11350,노원구,중원중학교,139-865 서울특별시 노원구 공릉로 420 (중계2.3동 511-3),
474,11350,노원구,중평중학교,139-873 서울특별시 노원구 동일로 203길 87 (하계동),
475,11350,노원구,청원중학교,139-200 서울 노원구 상계동 506,
476,11350,노원구,태랑중학교,139-800 서울특별시 노원구 공릉동 117,
477,11350,노원구,하계중학교,139-230 서울특별시 노원구 노원로 261-8,
478,11350,노원구,한천중학교,139-242 서울특별시 노원구 공릉2동 481,
479,11350,노원구,경기기계공업고등학교,139-869 서울특별시 노원구 하계동 78,
480,11350,노원구,광운전자공업고등학교,139-847 서울특별시 노원구 월계4동 500번지,
481,11350,노원구,노원고등학교,139-824 서울특별시 노원구 상계8동 664 664번지,
482,11350,노원구,대진고등학교,139-869 서울특별시 노원구 공릉로 62가길 47 대진고등학교,
483,11350,노원구,대진여자고등학교,139-865 서울 노원구 중계3동 514-2번지,
484,11350,노원구,동산정보산업고등학교,139-804 서울특별시 노원구 공릉2동 (481-3),
485,11350,노원구,미래산업과학고등학교,139-224 서울특별시 노원구 덕릉로82길 54,
486,11350,노원구,불암고등학교,139-861 서울특별시 노원구 중계본동 363~368 364-10,
487,11350,노원구,상계고등학교,139-200 서울특별시 노원구 상계동 738 상계고등학교,
488,11350,노원구,상명고등학교,139-725 서울특별시 노원구 중계동 515,
489,11350,노원구,서라벌고등학교,139-221 서울특별시 노원구 중계동 313번지,
490,11350,노원구,서울아이티고등학교,139-863 서울특별시 노원구 섬밭로 299 504번지,
491,11350,노원구,수락고등학교,139-838 서울특별시 노원구 상계1동 1253번지,
492,11350,노원구,염광고등학교,139-724 서울 노원구 월계2동 염광학원 820번지,
493,11350,노원구,염광여자메디텍고등학교,139-724 서울특별시 노원구 월계동 820,
494,11350,노원구,영신간호비즈니스고등학교,139-855 서울특별시 노원구 중계동 118번지,
495,11350,노원구,영신여자고등학교,139-855 서울특별시 노원구 중계동 118번지,
496,11350,노원구,용화여자고등학교,139-827 서울특별시 노원구 동일로 1461,
497,11350,노원구,월계고등학교,139-050 서울특별시 노원구 월계동 778,
498,11350,노원구,인덕공업고등학교,139-749 서울특별시 노원구 초안산로 12,
499,11350,노원구,재현고등학교,139-928 서울특별시 노원구 중계4동 129-1번지,
500,11350,노원구,청원고등학교,139-822 서울특별시 노원구 상계9동 641번지,
501,11350,노원구,청원여자고등학교,139-209 서울특별시 노원구 상계9동 641번지 (한글비석로 506번지 ),
502,11350,노원구,한국삼육고등학교,139-242 서울 노원구 공릉2동 815번지,
503,11350,노원구,혜성여자고등학교,139-230 서울특별시 노원구 노원로 16길 2,
504,11380,은평구,서울갈현초등학교,122-812 서울특별시 은평구 갈현2동 451-15 (연서로29길31),
505,11380,은평구,서울구산초등학교,122-821 서울 은평구 구산동 152-3(서오릉로 15길 16),
506,11380,은평구,서울구현초등학교,122-820 서울특별시 은평구 구산동 산41-1 (갈현로 15길 51),
507,11380,은평구,서울녹번초등학교,122-834 서울특별시 은평구 녹번로1길 1,
508,11380,은평구,서울대은초등학교,122-947 서울 은평구 대조동 82(통일로 69길 12-15),
509,11380,은평구,서울대조초등학교,122-838 서울특별시 은평구 대조동 212-1(연서로 18길 17),
510,11380,은평구,서울북한산초등학교,122-200 서울특별시 은평구 진관동 산 3(대서문길 42-3),
511,11380,은평구,서울불광초등학교,122-858 서울특별시 은평구 불광동 272-2 (불광로 51),
512,11380,은평구,서울상신초등학교,122-888 서울특별시 은평구 신사동 230-11 (가좌로 361),
513,11380,은평구,서울서신초등학교,122-887 서울특별시 은평구 신사동 194 (은평터널로 150),
514,11380,은평구,서울수리초등학교,122-847 서울특별시 은평구 불광1동 17(불광로 247),
515,11380,은평구,서울수색초등학교,122-874 서울특별시 은평구 수색동 127번지 (수색로 16길 21),
516,11380,은평구,서울신도초등학교,122-200 서울특별시 은평구 진관동 108번지 (진관1로 77-23),
517,11380,은평구,서울신사초등학교,122-884 서울 은평구 신사2동 98-32,
518,11380,은평구,서울역촌초등학교,122-903 서울특별시 은평구 은평로 3길 25,
519,11380,은평구,서울연광초등학교,122-866 서울특별시 은평구 불광동 연서로 35길 37,
520,11380,은평구,서울연신초등학교,122-851 서울 은평구 불광동 73-1(연서로 347) (불광동. 연신초등학교),
521,11380,은평구,서울연은초등학교,122-915 서울특별시 은평구 응암2동 242-424,
522,11380,은평구,서울연천초등학교,122-862 서울특별시 은평구 불광2동 346-153번지(연서로34길 22),
523,11380,은평구,서울은명초등학교,122-910 서울 은평구 응암동 114-12 (은평로 4길 21-9),
524,11380,은평구,서울은빛초등학교,122-200 서울특별시 은평구 진관3로 73-17,
525,11380,은평구,서울은진초등학교,122-200 서울특별시 은평구 진관동 104 (진관1로 21-20),
526,11380,은평구,서울은평초등학교,122-827 서울특별시 은평구 녹번동 40-3(은평길 239),
527,11380,은평구,서울응암초등학교,122-929 서울 은평구 응암3동 가좌로6길 20,
528,11380,은평구,서울증산초등학교,122-941 서울특별시 은평구 증산동 212번지 (비단길 61),
529,11380,은평구,서울진관초등학교,122-200 서울특별시 은평구 진관동 14-13(진관4로 78-16),
530,11380,은평구,선일초등학교,122-802 서울 은평구 갈현2동 240-1번지(갈현로 29길 27),
531,11380,은평구,알로이시오초등학교,122-906 서울 은평구 20-11 (백련산로 14길),
532,11380,은평구,예일초등학교,122-819 서울 은평구 구산동 8-3(연서로117),
533,11380,은평구,은혜초등학교,122-861 서울특별시 은평구 불광동 331-27 (통일로78가길 20),
534,11380,은평구,충암초등학교,122-010 서울 은평구 응암동 272-113 (9가좌로5길 5),
535,11380,은평구,구산중학교,122-060 서울특별시 은평구 갈현로 15길 20-23 (구산동 산34번지),
536,11380,은평구,대성중학교,122-802 서울특별시 은평구 갈현동 산53-1(갈현로 29길 51- 24),
537,11380,은평구,덕산중학교,122-889 서울 은평구 신사1동 265-4번지,
538,11380,은평구,불광중학교,122-853 서울특별시 은평구 불광2동 173번지(불광로180),
539,11380,은평구,상신중학교,122-884 서울특별시 은평구 신사동 141(은평구 증산로 15길61),
540,11380,은평구,선일여자중학교,122-050 서울 은평구 갈현동 240-1(갈현로 29길 27),
541,11380,은평구,선정중학교,122-801 서울특별시 은평구 서오릉로 20길 19(갈현동) 227-5,
542,11380,은평구,숭실중학교,122-890 서울 은평구 신사동300-88 (은평터널로7길 6),
543,11380,은평구,신도중학교,122-200 서울특별시 은평구 진관동 115 (진관1로 77-30),
544,11380,은평구,연서중학교,122-939 서울 은평구 증산동193-21번지 (증산서길 125-6),
545,11380,은평구,연신중학교,122-042 서울특별시 은평구 불광2동 400-4번지(연서로33길 16-32),
546,11380,은평구,연천중학교,122-868 서울특별시 은평구 불광동 441-1 (연서로41길30),
547,11380,은평구,영락중학교,122-914 서울특별시 은평구 응암1동 226-13(백련산로134-6),
548,11380,은평구,예일여자중학교,122-819 서울 은평구 구산동 8-3 번지(연서로117),
549,11380,은평구,은평중학교,122-822 서울특별시 은평구 구산동 182-44(갈현로17 나길12-1),
550,11380,은평구,증산중학교,122-936 서울특별시 은평구 증산동 산 24-4(증산로5길 27-30),
551,11380,은평구,진관중학교,122-200 서울특별시 은평구 진관동 16번지(진관4로 36),
552,11380,은평구,충암중학교,122-952 서울특별시 은평구 응암동 산9-1번지(가좌로5길 5),
553,11380,은평구,대성고등학교,122-802 서울특별시 은평구 갈현2동 대성고등학교,
554,11380,은평구,동명여자고등학교,122-030 서울특별시 은평구 대조동 91-20번지,
555,11380,은평구,동명여자정보산업고등학교,122-840 서울 은평구 대조동 91-20,
556,11380,은평구,선일여자고등학교,122-802 서울특별시 은평구 갈현2동 갈현로29길 27(갈현2동 240-1),
557,11380,은평구,선일이비즈니스고등학교,122-802 서울특별시 은평구 갈현2동 240-1번지,
558,11380,은평구,선정고등학교,122-050 서울특별시 은평구 갈현동 227-5번지,
559,11380,은평구,선정관광고등학교,122-050 서울특별시 은평구 서오릉로 20길 19(갈현동),
560,11380,은평구,세명컴퓨터고등학교,122-867 서울특별시 은평구 통일로 92가길 33,
561,11380,은평구,숭실고등학교,122-890 서울 은평구 신사2동 300-88번지,
562,11380,은평구,신도고등학교,122-200 서울특별시 은평구 진관동 243-1,
563,11380,은평구,신진자동차고등학교,122-010 서울특별시 은평구 응암동 114-1번지,
564,11380,은평구,예일디자인고등학교,122-819 서울특별시 은평구 구산동 연서로 117,
565,11380,은평구,예일여자고등학교,122-819 서울특별시 은평구 연서로 117,
566,11380,은평구,은평고등학교,122-060 서울특별시 은평구 구산동 41-1,
567,11380,은평구,은평메디텍고등학교,122-200 서울특별시 은평구 진관동 86,
568,11380,은평구,진관고등학교,122-200 서울특별시 은평구 진관동 392-1,
569,11380,은평구,충암고등학교,122-010 서울특별시 은평구 응암동 가좌로5길 5 충암고등학교,
570,11380,은평구,하나고등학교,122-200 서울특별시 은평구 진관동 129,
571,11410,서대문구,경기초등학교,120-012 서울특별시 서대문구 충정로2가 70-2 (경기대로9길10),
572,11410,서대문구,명지초등학교,120-851 서울특별시 서대문구 명지2길 32-20 (홍은동),
573,11410,서대문구,서울고은초등학교,120-859 서울 서대문구 홍제동 320-3번지 (모래내길 30),
574,11410,서대문구,서울금화초등학교,120-040 서울특별시 서대문구 천연동 13-1 (통일로 165),
575,11410,서대문구,서울대신초등학교,120-808 서울 서대문구 대현동 67-1(이화여대2길 27),
576,11410,서대문구,서울미동초등학교,120-020 서울특별시 서대문구 미근동 36번지(충정로 52),
577,11410,서대문구,서울북가좌초등학교,120-811 서울특별서 서대문구 북가좌1동 376-17 (거북골로19길 20),
578,11410,서대문구,서울북성초등학교,120-190 서울특별시 서대문구 북아현동 215번지 (북아현로 5나길 84),
579,11410,서대문구,서울안산초등학교,120-853 서울특별시 서대문구 홍제동 44 (통일로 321),
580,11410,서대문구,서울연가초등학교,120-807 서울특별시 서대문구 남가좌동 364-6 (증가로12가길 49-50),
581,11410,서대문구,서울연희초등학교,120-829 서울 서대문구 연희동 88-1(연희로 136),
582,11410,서대문구,서울인왕초등학교,120-857 서울 서대문구 홍제동 245-1 (서대문 세무서길 33-9),
583,11410,서대문구,서울창서초등학교,120-834 서울 서대문구 창천동 53-38(연세로5나길30-3),
584,11410,서대문구,서울홍연초등학교,120-847 서울 서대문구 홍은2동 305(백련사길 55),
585,11410,서대문구,서울홍은초등학교,120-093 서울특별시 서대문구 홍제3동 286-5번지(세검정길 105),
586,11410,서대문구,서울홍제초등학교,120-101 서울특별시 서대문구 홍은 1동 48(홍은중앙로 13),
587,11410,서대문구,이화여자대학교사범대학부속초등학교,120-160 서울특별시 서대문구 성산로 512-39 (대신동 20번지),
588,11410,서대문구,추계초등학교,120-763 서울특별시 서대문구 북아현로11가길 7(북아현동),
589,11410,서대문구,가재울중학교,120-130 서울특별시 서대문구 북가좌동 145-106(수색로 100-75),
590,11410,서대문구,동명여자중학교,120-040 서울특별시 서대문구 천연동 31-1(독립문로49),
591,11410,서대문구,명지중학교,120-848 서울특별시 서대문구 홍은2동 361-30 (명지2길56),
592,11410,서대문구,서연중학교,120-829 서울특별시 서대문구 연희동 267-1(연희로 11마길 9-6),
593,11410,서대문구,신연중학교,120-823 서울 서대문구 연희동 모래내로 408,
594,11410,서대문구,연북중학교,120-826 서울 서대문구 연희3동 141번지(연희로 36길 32),
595,11410,서대문구,연희중학교,120-807 서울특별시 서대문구 남가좌동 368-1(서대문구 중가로 170),
596,11410,서대문구,이화여자대학교사범대학부속이화？금란중학교,120-160 서울특별시 서대문구 대신동 47(성산로 520),
597,11410,서대문구,인왕중학교,120-852 서울특별시 서대문구 세검정로4길 9-27,
598,11410,서대문구,인창중학교,120-012 서울특별시 서대문구 경기대로 65,
599,11410,서대문구,정원여자중학교,120-850 서울 서대문구 홍은3동 산11-97번지(연희로37안길 51),
600,11410,서대문구,중앙여자중학교,120-763 서울특별시 서대문구 북아현동 190-1(서울 서대문구 북아현3동 북아현로11가길 7),
601,11410,서대문구,한성중학교,120-190 서울특별시 서대문구 북아현로3길 24번지(한성중.고등학교),
602,11410,서대문구,홍은중학교,120-844 서울특별시 서대문구 연희로 41길 94번,
603,11410,서대문구,가재울고등학교,120-811 서울특별시 서대문구 북가좌동 144-706,
604,11410,서대문구,명지고등학교,120-848 서울특별시 서대문구 명지2길 56,
605,11410,서대문구,이화여자대학교사범대학부속이화금란고등학교,120-160 서울특별시 서대문구 성산로 560,
606,11410,서대문구,인창고등학교,120-012 서울특별시 서대문구 경기대로 65,
607,11410,서대문구,중앙여자고등학교,120-818 서울 서대문구 북아현3동 북아현로11가길 7,
608,11410,서대문구,한성고등학교,120-821 서울특별시 서대문구 북아현로3길 24번지(한성중.고등학교),
609,11410,서대문구,한성과학고등학교,120-080 서울특별시 서대문구 통일로 279-79번지,
610,11440,마포구,서울공덕초등학교,121-803 서울특별시 마포구 공덕동 256-4 (만리재옛길 13),
611,11440,마포구,서울동교초등학교,121-823 서울특별시 마포구 월드컵로 25길 86,
612,11440,마포구,서울마포초등학교,121-040 서울특별시 마포구 도화동 347-5 (도화 2길 64),
613,11440,마포구,서울망원초등학교,121-826 서울 마포구 망원동 467-1(마포구 방울내로5길 28 ),
614,11440,마포구,서울상암초등학교,121-904 서울특별시 마포구 월드컵북로 353 상암초등학교,
615,11440,마포구,서울상지초등학교,121-904 서울특별시 마포구 상암동 1676 (월드컵로42길 30),
616,11440,마포구,서울서강초등학교,121-828 서울 마포구 상수동 105번지 (마포구 독막로 113),
617,11440,마포구,서울서교초등학교,121-837 서울특별시 마포구 서교동 서교동 341(와우산로 23길 20-27),
618,11440,마포구,서울성산초등학교,121-886 서울특별시 마포구 합정동 427-2번지 서울특별시 마포구 양화로3길 94,
619,11440,마포구,서울성서초등학교,121-846 서울특별시 마포구 성산1동 산23-2(등마루1길 10),
620,11440,마포구,서울성원초등학교,121-845 서울특별시 마포구 월드컵로 36길 34,
621,11440,마포구,서울소의초등학교,121-860 서울특별시 마포구 아현동 386-1 (마포대로24길 42),
622,11440,마포구,서울신북초등학교,121-877 서울 마포구 중동 43 (월드컵북로 38길 26),
623,11440,마포구,서울신석초등학교,121-856 서울특별시 마포구 신수동 445-1 (서울특별시 마포구 대흥로 33 신수동.서울신석초등학교),
624,11440,마포구,서울아현초등학교,121-859 서울 마포구 아현동 267 (굴레방로 6),
625,11440,마포구,서울염리초등학교,121-874 서울특별시 마포구 염리동 173-4 (토정로 37길 37),
626,11440,마포구,서울용강초등학교,121-809 서울 마포구 대흥동35-1 (백범로 17길 9),
627,11440,마포구,서울중동초등학교,121-849 서울특별시 마포구 성산동 94-1(월드컵북로 152),
628,11440,마포구,서울창천초등학교,121-806 서울 마포구 노고산동 백범로1가 56 서울창천초등학교,
629,11440,마포구,서울하늘초등학교,121-833 서울특별시 마포구 상암동 500~799 502-14(구상암동594) (월드컵북로 502-14),
630,11440,마포구,서울한서초등학교,121-871 서울 마포구 대흥로 24바길 27,
631,11440,마포구,홍익대학교사범대학부속초등학교,121-847 서울특별시 마포구 성산동 산 11-31 (성미산로 51),
632,11440,마포구,경성중학교,121-866 서울특별시 마포구 연남동 369-1번지 (성미산로 111),
633,11440,마포구,광성중학교,121-854 서울 마포구 신수동 91-20번지(신수로8길 20),
634,11440,마포구,동도중학교,121-873 서울특별시 마포구 염리동 150 (백범로 139),
635,11440,마포구,상암중학교,121-904 서울 마포구 상암산로 1길 26,
636,11440,마포구,서울여자중학교,121-872 서울특별시 마포구 염리동 128-2(백범로 25길 34),
637,11440,마포구,성사중학교,121-849 서울특별시 마포구 성산2동 124(모내내로 9길16),
638,11440,마포구,성산중학교,121-884 서울특별시 마포구 합정동 365-1(성지1길 32-13),
639,11440,마포구,성서중학교,121-844 서울특별시 마포구 성산동4길 42,
640,11440,마포구,숭문중학교,121-809 서울특별시 마포구 대흥동 28번지 (숭문길 99),
641,11440,마포구,신수중학교,121-856 서울 마포구 신수동 371-1(신수로 49),
642,11440,마포구,아현중학교,121-859 서울특별시 마포구 아현동 267-1(마포대로 247),
643,11440,마포구,중암중학교,121-877 서울특별시 마포구 중동 1~99 63(월드컵북로38길25),
644,11440,마포구,창천중학교,121-806 서울특별시 마포구 백범로1길 56번지(노고산동),
645,11440,마포구,홍익대학교사범대학부속여자중학교,121-847 서울특별시 마포구 성미산로 51,
646,11440,마포구,경성고등학교,121-866 서울특별시 마포구 연남동 369-1번지,
647,11440,마포구,광성고등학교,121-854 서울특별시 마포구 신수로 8길 20,
648,11440,마포구,상암고등학교,121-832 서울특별시 마포구 상암동 355-1,
649,11440,마포구,서울디자인고등학교,121-873 서울특별시 마포구 염리동 150,
650,11440,마포구,서울여자고등학교,121-090 서울특별시 마포구 백범로 25길 34,
651,11440,마포구,숭문고등학교,121-809 서울특별시 마포구 대흥동 숭문길 99 (대흥동),
652,11440,마포구,한세사이버보안고등학교,121-862 서울특별시 마포구 아현동 457-30,
653,11440,마포구,홍익대학교사범대학부속여자고등학교,121-847 서울특별시 마포구 성미산로 51,
654,11440,마포구,홍익디자인고등학교,121-866 서울특별시 마포구 연남동 369-1번지,
655,11470,양천구,서울갈산초등학교,158-077 서울특별시 양천구 신정7동 330-10,
656,11470,양천구,서울강서초등학교,158-833 서울특별시 양천구 신월4동 441번지,
657,11470,양천구,서울강신초등학교,158-822 서울특별시 양천구 신월5동 6-7번지,
658,11470,양천구,서울강월초등학교,158-847 서울특별시 양천구 신월7동 (신월동.서울강월초등학교),
659,11470,양천구,서울경인초등학교,158-050 서울특별시 양천구 목동 911-4,
660,11470,양천구,서울계남초등학교,158-077 서울특별시 양천구 신정7동 325-7,
661,11470,양천구,서울남명초등학교,158-073 서울특별시 양천구 신정3동 653-5번지,
662,11470,양천구,서울목동초등학교,158-849 서울특별시 양천구 신정동 86-2번지,
663,11470,양천구,서울목운초등학교,158-050 서울특별시 양천구 목동 922,
664,11470,양천구,서울목원초등학교,158-050 서울특별시 양천구 목5동 929번지 서울목원초등학교,
665,11470,양천구,서울서정초등학교,158-050 서울특별시 양천구 목동 927-5,
666,11470,양천구,서울신강초등학교,158-834 서울특별시 양천구 신월2동 448-5,
667,11470,양천구,서울신기초등학교,158-073 서울특별시 양천구 신정3동 1274번지,
668,11470,양천구,서울신남초등학교,158-842 서울 양천구 신월동 590-1,
669,11470,양천구,서울신목초등학교,158-852 서울특별시 양천구 신정2동 281 서울신목초등학교,
670,11470,양천구,서울신서초등학교,158-071 서울특별시 양천구 목동서로 10길 35,
671,11470,양천구,서울신원초등학교,158-830 서울특별시 양천구 신월3동 202-1번지,
672,11470,양천구,서울신은초등학교,158-070 서울특별시 양천구 신정동 신정이펜2로 30,
673,11470,양천구,서울양강초등학교,158-838 서울특별시 양천구 신월2동 496번지,
674,11470,양천구,서울양동초등학교,158-074 서울특별시 양천구 신정4동 941번지 서울양동초등학교,
675,11470,양천구,서울양명초등학교,158-071 서울 양천구 신정1동 543번지,
676,11470,양천구,서울양목초등학교,158-074 서울 양천구 신정4동 1001번지,
677,11470,양천구,서울양원초등학교,158-823 서울특별시 양천구 신월3동 40-1,
678,11470,양천구,서울양화초등학교,158-809 서울 양천구 목2동 542번지,
679,11470,양천구,서울영도초등학교,158-753 서울특별시 양천구 목5동 903-1,
680,11470,양천구,서울월촌초등학교,158-050 서울특별시 양천구 목동 901-1번지,
681,11470,양천구,서울은정초등학교,158-077 서울특별시 양천구 신정7동 276,
682,11470,양천구,서울장수초등학교,158-865 서울특별시 양천구 신정3동 1288-2번지,
683,11470,양천구,서울정목초등학교,158-817 서울특별시 양천구 목4동 목동 757-1번지,
684,11470,양천구,서울지향초등학교,158-867 서울 양천구 신정3동 1284,
685,11470,양천구,강신중학교,158-848 서울특별시 양천구 신월6동 1010번지,
686,11470,양천구,금옥중학교,158-855 서울 양천구 신정3동 729번지,
687,11470,양천구,목동중학교,158-072 서울 양천구 신정2동 88-1번지,
688,11470,양천구,목운중학교,158-050 서울특별시 양천구 목1동 922번지,
689,11470,양천구,목일중학교,158-076 서울특별시 양천구 신정6동 목동동로 8길 70번지(신정동),
690,11470,양천구,봉영여자중학교,158-077 서울 양천구 신정7동 325-8번지,
691,11470,양천구,신남중학교,158-843 서울특별시 양천구 신월동 109,
692,11470,양천구,신목중학교,158-055 서울특별시 양천구 목5동 902-1번지,
693,11470,양천구,신서중학교,158-071 서울 양천구 신정1동 310-6번지,
694,11470,양천구,신원중학교,158-823 서울특별시 양천구 신월3동 43-4 신원중학교,
695,11470,양천구,신월중학교,158-822 서울특별시 양천구 신월5동 17번지 6호,
696,11470,양천구,신화중학교,158-822 서울 양천구 신월5동 17-7번지,
697,11470,양천구,양강중학교,158-838 서울특별시 양천구 신월2동 499-5번지,
698,11470,양천구,양동중학교,158-053 서울특별시 양천구 목3동 600-6번지,
699,11470,양천구,양서중학교,158-829 서울 양천구 신월3동 169-4번지,
700,11470,양천구,양정중학교,158-050 서울특별시 양천구 목동 911-2,
701,11470,양천구,양천중학교,158-097 서울특별시 양천구 신월7동 948,
702,11470,양천구,영도중학교,158-054 서울 양천구 목4동 735,
703,11470,양천구,월촌중학교,158-055 서울특별시 양천구 목6동 909번지,
704,11470,양천구,강서고등학교,158-815 서울특별시 양천구 목동 735,
705,11470,양천구,광영고등학교,158-823 서울특별시 양천구 신월3동 43-3번지,
706,11470,양천구,광영여자고등학교,158-823 서울특별시 양천구 남부순환로 30길 17 (신월3동 43-3),
707,11470,양천구,금옥여자고등학교,158-855 서울특별시 양천구 신정3동 729번지,
708,11470,양천구,목동고등학교,158-077 서울 양천구 신정7동 325-8번지,
709,11470,양천구,백암고등학교,158-855 서울특별시 양천구 신정로 13길 16 백암고등학교,
710,11470,양천구,서울금융고등학교,158-823 서울특별시 양천구 신월3동 43-8번지,
711,11470,양천구,서울영상고등학교,158-860 서울특별시 양천구 신정4동 984번지,
712,11470,양천구,신목고등학교,158-070 서울특별시 양천구 안양천로 739,
713,11470,양천구,신서고등학교,158-860 서울특별시 양천구 신정4동 984-1,
714,11470,양천구,양정고등학교,158-879 서울특별시 양천구 목동 911-2,
715,11470,양천구,양천고등학교,158-867 서울특별시 양천구 신정3동 산109-1번지,
716,11470,양천구,진명여자고등학교,158-050 서울특별시 양천구 목동 927-6,
717,11470,양천구,한가람고등학교,158-050 서울 양천구 목동 서로 15(909-1번지),
718,11500,강서구,서울가곡초등학교,157-281 서울특별시 강서구 공항대로 36길 74,
719,11500,강서구,서울가양초등학교,157-809 서울 강서구 허준로 186 (가양3동. 서울가양초등학교),
720,11500,강서구,서울개화초등학교,157-849 서울 강서구 방화1동 501-3 개화초등학교,
721,11500,강서구,서울공진초등학교,157-807 서울특별시 강서구 가양2동 1477번지,
722,11500,강서구,서울공항초등학교,157-811 서울특별시 강서구 공항동 5-1,
723,11500,강서구,서울내발산초등학교,157-832 서울특별시 강서구 내발산2동 내발산 707,
724,11500,강서구,서울등마초등학교,157-844 서울특별시 강서구 등촌2동 산86번지,
725,11500,강서구,서울등명초등학교,157-033 서울 강서구 등촌3동 690-2번지,
726,11500,강서구,서울등서초등학교,157-928 서울특별시 강서구 화곡6동 1130-4 번지 서울등서초등학교,
727,11500,강서구,서울등양초등학교,157-033 서울특별시 강서구 등촌3동 691,
728,11500,강서구,서울등원초등학교,157-033 서울특별시 강서구 등촌3동 704-1 서울등원초등학교,
729,11500,강서구,서울등촌초등학교,157-836 서울특별시 강서구 등촌2동 등촌로 39길71,
730,11500,강서구,서울등현초등학교,157-930 서울특별시 강서구 등촌동 702-5 등현초등학교,
731,11500,강서구,서울발산초등학교,157-703 서울특별시 강서구 내발산1동 발산초등학교 서울발산초등학교,
732,11500,강서구,서울방화초등학교,157-850 서울 강서구 방화2동 542-2 서울방화초등학교,
733,11500,강서구,서울백석초등학교,157-841 서울 강서구 등촌1동 650-14번지,
734,11500,강서구,서울삼정초등학교,157-223 서울특별시 강서구 방화3동 798,
735,11500,강서구,서울송정초등학교,157-811 서울 강서구 공항로 652,
736,11500,강서구,서울송화초등학교,157-846 서울특별시 강서구 방화1동 240-6번지,
737,11500,강서구,서울수명초등학교,157-937 서울특별시 강서구 수명로1길 84 서울 강서구 내발산동 797-365,
738,11500,강서구,서울신곡초등학교,157-014 서울특별시 강서구 화곡4동 42-14,
739,11500,강서구,서울신월초등학교,157-925 서울특별시 강서구 화곡1동 1080번지,
740,11500,강서구,서울신정초등학교,157-012 서울특별시 강서구 화곡2동 869-42,
741,11500,강서구,서울양천초등학교,157-802 서울 강서구 가양1동 양천로 329,
742,11500,강서구,서울염강초등학교,157-203 서울특별시 강서구 가양3동 1492(가양큰길 63-2),
743,11500,강서구,서울염경초등학교,157-859 서울특별시 강서구 양천로 69길 49,
744,11500,강서구,서울염동초등학교,157-859 서울특별시 강서구 염창동 45-4번지 (하염창길9-0),
745,11500,강서구,서울염창초등학교,157-863 서울특별시 강서구 염창동 269번지,
746,11500,강서구,서울우장초등학교,157-010 서울특별시 강서구 화곡동 18-5,
747,11500,강서구,서울월정초등학교,157-884 서울특별시 강서구 화곡7동 374번지,
748,11500,강서구,서울정곡초등학교,157-223 서울특별시 강서구 방화3동 836번지,
749,11500,강서구,서울치현초등학교,157-223 서울 강서구 방화3동 47길 43,
750,11500,강서구,서울탑산초등학교,157-202 서울특별시 강서구 가양2동 1472번지,
751,11500,강서구,서울화곡초등학교,157-866 서울특별시 강서구 화곡본동 24-266번지(초록마을길 32),
752,11500,강서구,서울화일초등학교,157-871 서울특별시 강서구 화곡본동 61-184,
753,11500,강서구,유석초등학교,157-033 서울특별시 강서구 등촌3동 화곡로69길 9 (등촌동),
754,11500,강서구,경서중학교,157-809 서울특별시 강서구 가양3동 1483번지,
755,11500,강서구,공진중학교,157-807 서울특별시 강서구 가양2동 1476,
756,11500,강서구,공항중학교,157-811 서울특별시 강서구 공항동 12-3,
757,11500,강서구,덕원중학교,157-700 서울특별시 강서구 강서로45길 94-44(내발산동 덕원중학교),
758,11500,강서구,등명중학교,157-030 서울특별시 강서구 등촌동 690-4번지,
759,11500,강서구,등원중학교,157-033 서울특별시 강서구 등촌3동 707-4번지,
760,11500,강서구,등촌중학교,157-836 서울특별시 강서구 등촌2동 484-12,
761,11500,강서구,마포중학교,157-033 서울특별시 강서구 등촌3동 82-1,
762,11500,강서구,명덕여자중학교,157-280 서울 강서구 내발산동 169-1번지,
763,11500,강서구,방원중학교,157-220 서울특별시 강서구 방화동 808번지,
764,11500,강서구,방화중학교,157-853 서울특별시 강서구 방화2동 612~711 636-2,
765,11500,강서구,백석중학교,157-836 서울특별시 강서구 등촌로 51 나길 35,
766,11500,강서구,삼정중학교,157-223 서울특별시 강서구 방화3동 (방화동. 삼정중학교),
767,11500,강서구,성재중학교,157-806 서울특별시 강서구 가양동 1463,
768,11500,강서구,송정중학교,157-818 서울 강서구 공항동 768-1번지,
769,11500,강서구,수명중학교,157-280 서울특별시 강서구 내발산동 수명로2길 16,
770,11500,강서구,신정여자중학교,157-894 서울특별시 강서구 화곡4동 477번지 1호(능동3길 52-2),
771,11500,강서구,염경중학교,157-859 서울특별시 강서구 염창동 양천로 69길 35,
772,11500,강서구,염창중학교,157-859 서울특별시 강서구 염창동 85번지,
773,11500,강서구,화곡중학교,157-834 서울특별시 강서구 강서로 45길 70,
774,11500,강서구,화원중학교,157-882 서울특별시 강서구 화곡동 351-94,
775,11500,강서구,강서공업고등학교,157-223 서울특별시 강서구 방화3동 834번지,
776,11500,강서구,경복비즈니스고등학교,157-733 서울 강서구 등촌동 131번지,
777,11500,강서구,경복여자고등학교,157-033 서울특별시 강서구 등촌동 131번지,
778,11500,강서구,공항고등학교,157-850 서울 강서구 방화2동 541번지,
779,11500,강서구,대일고등학교,157-837 서울특별시 강서구 등촌동 등촌로105 대일고등학교,
780,11500,강서구,덕원여자고등학교,157-700 서울특별시 강서구 내발산동 덕원여자고등학교 91-44(내발산동 산59-2),
781,11500,강서구,덕원예술고등학교,157-280 서울 강서구 내발산동 산59-2번지,
782,11500,강서구,동양고등학교,157-806 서울특별시 강서구 허준로 50,
783,11500,강서구,등촌고등학교,157-030 서울 강서구 등촌동 691-2번지,
784,11500,강서구,마포고등학교,157-033 서울특별시 강서구 등촌3동 403번지,
785,11500,강서구,명덕고등학교,157-726 서울 강서구 강서로 47길 34-10 명덕고등학교 (내발산동. 명덕고등학교),
786,11500,강서구,명덕여자고등학교,157-726 서울특별시 강서구 강서로 47길 34-10,
787,11500,강서구,명덕외국어고등학교,157-280 서울특별시 강서구 내발산동 169-1 명덕외국어고등학교,
788,11500,강서구,세민정보고등학교,157-221 서울특별시 강서구 방화동 242-8번지,
789,11500,강서구,세현고등학교,157-810 서울특별시 강서구 가양동 1491,
790,11500,강서구,수명고등학교,157-280 서울특별시 강서구 내발산동 758 (수명로2가 15),
791,11500,강서구,신정여자상업고등학교,157-894 서울특별시 강서구 화곡4동 477-1번지,
792,11500,강서구,영등포공업고등학교,157-807 서울특별시 강서구 가양2동 1468,
793,11500,강서구,영일고등학교,157-836 서울 강서구 등촌2동 51가길 26,
794,11500,강서구,한광고등학교,157-894 서울특별시 강서구 등촌로13길 110 (화곡4동 488-2) 한광고등학교,
795,11500,강서구,한서고등학교,157-849 서울 강서구 방화동 478-34번지,
796,11500,강서구,화곡고등학교,157-280 서울특별시 강서구 강서로45길 69 (내발산동. 화곡고등학교),
797,11500,강서구,화곡보건경영고등학교,157-834 서울특별시 강서구 강서로 45길 70,
798,11530,구로구,서울개명초등학교,152-093 서울 구로구 개봉3동 산664-21,
799,11530,구로구,서울개봉초등학교,152-093 서울특별시 구로구 개봉3동 266번지,
800,11530,구로구,서울개웅초등학교,152-090 서울특별시 구로구 개봉동 산53-25,
801,11530,구로구,서울고산초등학교,152-082 서울특별시 구로구 고척1동 76-10,
802,11530,구로구,서울고원초등학교,152-080 서울 구로구 고척동 66-26 서울고원초등학교,
803,11530,구로구,서울고척초등학교,152-828 서울특별시 구로구 고척1동 130번지,
804,11530,구로구,서울구로남초등학교,152-849 서울특별시 구로구 구로3동 253번지,
805,11530,구로구,서울구로초등학교,152-857 서울특별시 구로구 구로본동 443 서울구로초등학교,
806,11530,구로구,서울구일초등학교,152-868 서울 구로구 구로1동 구일로 68,
807,11530,구로구,서울덕의초등학교,152-832 서울특별시 구로구 고척2동 217(고척동길 146),
808,11530,구로구,서울동구로초등학교,152-841 서울 구로구 구로6동 43 (구로동),
809,11530,구로구,서울매봉초등학교,152-802 서울시 구로구 개봉1동 3번지,
810,11530,구로구,서울미래초등학교,152-055 서울특별시 구로구 구로5동 3-13 서울미래초등학교,
811,11530,구로구,서울세곡초등학교,152-834 서울 구로구 고척2동 253번지,
812,11530,구로구,서울신구로초등학교,152-842 서울특별시 구로구 구로5동 105번지,
813,11530,구로구,서울신도림초등학교,152-887 서울특별시 구로구 신도림동 44번지(신도림동),
814,11530,구로구,서울신미림초등학교,152-887 서울 구로구 신도림동 398-28,
815,11530,구로구,서울영서초등학교,152-847 서울특별시 구로구 구로동 165-1,
816,11530,구로구,서울영일초등학교,152-800 서울 구로구 가리봉동 17번지,
817,11530,구로구,서울오류남초등학교,152-899 서울특별시 구로구 오류2동 191-1,
818,11530,구로구,서울오류초등학교,152-890 서울특별시 구로구 오류동 15번지,
819,11530,구로구,서울오정초등학교,152-895 서울특별시 구로구 오류2동 108-28번지(오정길 6),
820,11530,구로구,서울온수초등학교,152-120 서울특별시 구로구 부일로 893번지,
821,11530,구로구,서울천왕초등학교,152-130 서울특별시 구로구 천왕로1길 11 천왕초등학교,
822,11530,구로구,개봉중학교,152-091 서울특별시 구로구 개봉1동 24-2번지 개봉중학교,
823,11530,구로구,개웅중학교,152-812 서울 구로구 개봉3동 273-15,
824,11530,구로구,경인중학교,152-805 서울특별시 구로구 개봉동 143-4,
825,11530,구로구,고척중학교,152-826 서울 구로구 고척동 76-2,
826,11530,구로구,구로중학교,152-840 서울특별시 구로구 구로동 90,
827,11530,구로구,구일중학교,152-051 서울특별시 구로구 구로1동 685-161,
828,11530,구로구,신도림중학교,152-887 서울특별시 구로구 신도림동 311-1,
829,11530,구로구,영림중학교,152-842 서울특별시 구로구 구로동 105-2,
830,11530,구로구,영서중학교,152-847 서울특별시 구로구 구로3동 145-20번지,
831,11530,구로구,오남중학교,152-102 서울특별시 구로구 오류2동 25번지,
832,11530,구로구,오류중학교,152-833 서울특별시 구로구 고척2동 243번지,
833,11530,구로구,우신중학교,152-883 서울 구로구 궁동 230번지,
834,11530,구로구,천왕중학교,152-130 서울특별시 구로구 천왕동 166-3,
835,11530,구로구,경인고등학교,152-826 서울특별시 구로구 경인로46길 31 (고척동),
836,11530,구로구,고척고등학교,152-832 서울특별시 구로구 중앙로 15길 162호 (고척동),
837,11530,구로구,구로고등학교,152-842 서울특별시 구로구 가마산로 27길 45,
838,11530,구로구,구일고등학교,152-868 서울특별시 구로구 구로1동 90-51,
839,11530,구로구,구현고등학교,152-050 서울특별시 구로구 구로동 625-92,
840,11530,구로구,덕일전자공업고등학교,152-100 서울특별시 구로구 오류동 (오류동 199-1번지),
841,11530,구로구,서서울생활과학고등학교,152-881 서울특별시 구로구 궁동 35,
842,11530,구로구,서울공연예술고등학교,152-883 서울특별시 구로구 오리로22 나길 16-26,
843,11530,구로구,세종과학고등학교,152-881 서울특별시 구로구 궁동 산18-21,
844,11530,구로구,신도림고등학교,152-886 서울특별시 구로구 신도림동 경인로 67길 159,
845,11530,구로구,예림디자인고등학교,152-883 서울특별시 구로구 궁동 110-1번지,
846,11530,구로구,오류고등학교,152-883 서울특별시 구로구 궁동 110-1번지,
847,11530,구로구,우신고등학교,152-883 서울 구로구 부일로길 917,
848,11530,구로구,유한공업고등학교,152-140 서울특별시 구로구 항동 1-7번지,
849,11545,금천구,동광초등학교,153-032 서울특별시 금천구 시흥동 산100-4번지,
850,11545,금천구,서울가산초등학교,153-806 서울특별시 금천구 독산1동 143-23,
851,11545,금천구,서울금동초등학교,153-032 서울 금천구 시흥2동 1013-1,
852,11545,금천구,서울금산초등학교,153-850 서울 금천구 시흥동 653-27,
853,11545,금천구,서울금천초등학교,153-841 서울특별시 금천구 시흥5동 218-6,
854,11545,금천구,서울독산초등학교,153-830 서울 금천구 독산2동 1034번지(시흥대로 104길 31호),
855,11545,금천구,서울두산초등학교,153-011 서울특별시 금천구 독산1동 1002-5,
856,11545,금천구,서울문교초등학교,153-012 서울특별시 금천구 독산동 산202-1번지,
857,11545,금천구,서울문백초등학교,153-031 서울특별시 금천구 시흥1동 43-1(시흥동. 문백초등학교),
858,11545,금천구,서울문성초등학교,153-010 서울특별시 금천구 독산동 시흥대로460,
859,11545,금천구,서울백산초등학교,153-846 서울특별시 금천구 시흥5동 438-5,
860,11545,금천구,서울시흥초등학교,153-856 서울 금천구 시흥동 841-19,
861,11545,금천구,서울신흥초등학교,153-034 서울특별시 금천구 시흥동 시흥동 704-56,
862,11545,금천구,서울안천초등학교,153-833 서울 금천구 독산1동 한내로 69-16,
863,11545,금천구,서울영남초등학교,153-013 서울특별시 금천구 독산3동 59-27번지(산기슭1길 60),
864,11545,금천구,서울정심초등학교,153-808 서울특별시 금천구 독산4동 182-44번지,
865,11545,금천구,서울탑동초등학교,153-842 서울특별시 금천구 시흥2동 230번지,
866,11545,금천구,서울흥일초등학교,153-854 서울특별시 금천구 시흥4동 792-1,
867,11545,금천구,가산중학교,153-813 서울특별시 금천구 독산동 300-21,
868,11545,금천구,난곡중학교,153-820 금천구 독산3동 906-41 번지,
869,11545,금천구,동일중학교,153-032 서울특별시 금천구 시흥2동 산100-4번지,
870,11545,금천구,문성중학교,153-805 서울특별시 금천구 독산동 61,
871,11545,금천구,문일중학교,153-031 서울특별시 금천구 시흥1동 559-1,
872,11545,금천구,세일중학교,153-806 서울특별시 금천구 독산1동 147-2,
873,11545,금천구,시흥중학교,153-033 서울특별시 금천구 시흥3동 산24-15,
874,11545,금천구,안천중학교,153-833 서울특별시 금천구 독산동 1089번지,
875,11545,금천구,한울중학교,153-820 서울특별시 금천구 독산3동 897-1번지,
876,11545,금천구,금천고등학교,153-033 서울특별시 금천구 시흥대로38길 26 금천고등학교,
877,11545,금천구,독산고등학교,153-820 서울특별시 금천구 독산3동 894~908 907-34,
878,11545,금천구,동일여자고등학교,153-032 서울특별시 금천구 시흥2동 산100-4번지,
879,11545,금천구,동일여자상업고등학교,153-032 서울특별시 금천구 시흥2동 산100-4번지,
880,11545,금천구,문일고등학교,153-847 서울특별시 금천구 시흥대로47길 45(시흥동),
881,11545,금천구,전통예술고등학교,153-033 서울특별시 금천구 시흥대로 38길 62 전통예술고등학교,
882,11560,영등포구,서울당산초등학교,150-867 서울 영등포구 양평동4가 323번지,
883,11560,영등포구,서울당서초등학교,150-045 서울특별시 영등포구 당산동5가 5-3 (당산로 187),
884,11560,영등포구,서울당중초등학교,150-103 서울특별시 영등포구 양평동 3가 42번지,
885,11560,영등포구,서울대길초등학교,150-860 서울 영등포구 신길6동 4482번지,
886,11560,영등포구,서울대동초등학교,150-072 서울특별시 영등포구 대림2동 702,
887,11560,영등포구,서울대방초등학교,150-856 서울특별시 영등포구 신길7동 1444번지,
888,11560,영등포구,서울대영초등학교,150-841 서울특별시 영등포구 신길5동 341-1,
889,11560,영등포구,서울도림초등학교,150-053 서울특별시 영등포구 신길3동 288번지,
890,11560,영등포구,서울도신초등학교,150-815 서울 영등포구 대림3동 741-3번지,
891,11560,영등포구,서울문래초등학교,150-836 서울특별시 영등포구 문래동3가 77-7,
892,11560,영등포구,서울선유초등학교,150-103 서울 영등포구 양평동3가 91번지,
893,11560,영등포구,서울신대림초등학교,150-822 서울 영등포구 대림동 970-1번지 (대림로 8길),
894,11560,영등포구,서울신영초등학교,150-816 서울특별시 영등포구 대림3동 도신로 4길 32,
895,11560,영등포구,서울여의도초등학교,150-010 서울 영등포구 여의도동 40-3번지,
896,11560,영등포구,서울영동초등학교,150-808 서울특별시 영등포구 당산동6가 121-22번지,
897,11560,영등포구,서울영등포초등학교,150-091 서울특별시 영등포구 문래동1가 (문래동1가)35-2,
898,11560,영등포구,서울영림초등학교,150-823 서울특별시 영등포구 대림2동 993-16,
899,11560,영등포구,서울영문초등학교,150-096 서울특별시 영등포구 문래동6가 13,
900,11560,영등포구,서울영신초등학교,150-839 서울특별시 영등포구 신길1동 121,
901,11560,영등포구,서울영원초등학교,150-899 서울 영등포구 영등포동 647-2,
902,11560,영등포구,서울영중초등학교,150-037 서울특별시 영등포구 영등포동7가 53번지,
903,11560,영등포구,서울우신초등학교,150-844 서울특별시 영등포구 신길4동 210번지,
904,11560,영등포구,서울윤중초등학교,150-887 서울특별시 영등포구 여의나루길 109-1,
905,11560,영등포구,당산서중학교,150-045 서울특별시 영등포구 당산동5가 5번지(당산서길 14),
906,11560,영등포구,당산중학교,150-808 서울특별시 영등포구 당산동6가 121번지,
907,11560,영등포구,대림중학교,150-822 서울특별시 영등포구 대림동 959번지,
908,11560,영등포구,대영중학교,150-841 서울 영등포구 신길5동 342-49번지,
909,11560,영등포구,문래중학교,150-096 서울특별시 영등포구 문래동6가 44번지,
910,11560,영등포구,선유중학교,150-103 서울특별시 영등포구 양평동3가 213,
911,11560,영등포구,양화중학교,150-834 서울특별시 영등포구 문래동3가 48번지,
912,11560,영등포구,여의도중학교,150-888 서울특별시 영등포구 여의도동 40-1,
913,11560,영등포구,영남중학교,150-815 서울특별시 영등포구 대림3동 735번지,
914,11560,영등포구,영원중학교,150-898 서울특별시 영등포구 영등포동 576-6번지,
915,11560,영등포구,윤중중학교,150-887 서울특별시 영등포구 여의도동 3,
916,11560,영등포구,관악고등학교,150-102 서울특별시 영등포구 양평동 2가 23,
917,11560,영등포구,대영고등학교,150-841 서울 영등포구 도림로86길 342번지,
918,11560,영등포구,선유고등학교,150-866 서울특별시 영등포구 양평동4가 3~81 10번지,
919,11560,영등포구,여의도고등학교,150-882 서울 영등포구 여의도동 30-1번지,
920,11560,영등포구,여의도여자고등학교,150-888 서울특별시 영등포구 여의도동 40-2번지,
921,11560,영등포구,영등포여자고등학교,150-050 서울특별시 영등포구 신길동 184-3,
922,11560,영등포구,영신고등학교,150-860 서울특별시 영등포구 대방천로14길 18,
923,11560,영등포구,장훈고등학교,150-840 서울특별시 영등포구 신길동 176번지,
924,11560,영등포구,한강미디어고등학교,150-867 서울특별시 영등포구 양평동 4가 315-1번지,
925,11590,동작구,서울강남초등학교,156-881 서울특별시 동작구 상도1동 강남초등길15,
926,11590,동작구,서울남사초등학교,156-824 서울 동작구 사당1동 1011-1,
927,11590,동작구,서울남성초등학교,156-820 서울특별시 동작구 사당3동 324-20 (학수길 51-2),
928,11590,동작구,서울노량진초등학교,156-051 서울특별시 동작구 노량진1동 238,
929,11590,동작구,서울대림초등학교,156-810 서울 동작구 대방동 1길 22,
930,11590,동작구,서울동작초등학교,156-090 서울특별시 동작구 사당동 산9-1,
931,11590,동작구,서울문창초등학교,156-853 서울특별시 동작구 신대방 2길 14,
932,11590,동작구,서울보라매초등학교,156-850 서울특별시 동작구 신대방2동 488-1(기상청길 18),
933,11590,동작구,서울본동초등학교,156-060 서울 동작구 본동 50-8,
934,11590,동작구,서울삼일초등학교,156-815 서울특별시 동작구 사당로23나길 27 (사당동),
935,11590,동작구,서울상도초등학교,156-840 서울특별시 동작구 상도4동 238-2 (동작구 성대로21길62),
936,11590,동작구,서울상현초등학교,156-030 서울특별시 동작구 상도동 531-1번지,
937,11590,동작구,서울신길초등학교,156-808 서울 동작구 대방동 351-6,
938,11590,동작구,서울신남성초등학교,156-095 서울특별시 동작구 사당5동 199-1,
939,11590,동작구,서울신상도초등학교,156-837 서울 동작구 상도동 산 65,
940,11590,동작구,서울영본초등학교,156-813 서울 동작구 본동 441-11,
941,11590,동작구,서울영화초등학교,156-807 서울특별시 동작구 대방동 44-3,
942,11590,동작구,서울은로초등학교,156-070 서울특별시 동작구 흑석동 245(서달로 115),
943,11590,동작구,서울행림초등학교,156-095 서울특별시 동작구 사당5동 236-4,
944,11590,동작구,서울흑석초등학교,156-070 서울특별시 동작구 흑석동 87,
945,11590,동작구,중앙대학교사범대학부속초등학교,156-861 서울특별시 동작구 서달로 135 (구 흑석동 233),
946,11590,동작구,강남중학교,156-020 서울특별시 동작구 대방동 390-5,
947,11590,동작구,강현중학교,156-839 서울 동작구 상도3동 335-5번지,
948,11590,동작구,국사봉중학교,156-842 서울특별시 동작구 상도동 214-437,
949,11590,동작구,남성중학교,156-822 서울특별시 동작구 사당동 304-45,
950,11590,동작구,대방중학교,156-851 서울특별시 동작구 신대방1동 492-200,
951,11590,동작구,동양중학교,156-060 서울 동작구 흑석로9길 94,
952,11590,동작구,동작중학교,156-080 서울특별시 동작구 동작대로39가길 83(동작동),
953,11590,동작구,문창중학교,156-848 서울 동작구 신대방동 364-58,
954,11590,동작구,사당중학교,156-819 서울특별시 동작구 사당3동 209-16,
955,11590,동작구,상도중학교,156-095 서울특별시 동작구 사당5동 181-20번지,
956,11590,동작구,상현중학교,156-030 서울 동작구 상도동 111-52,
957,11590,동작구,성남중학교,156-809 서울특별시 동작구 대방동 375-1번지,
958,11590,동작구,숭의여자중학교,156-807 서울 동작구 대방동 20-114 (여의대방로 36길 79),
959,11590,동작구,영등포중학교,156-807 서울 동작구 대방동 13-2번지,
960,11590,동작구,장승중학교,156-838 서울특별시 동작구 상도동 175-1,
961,11590,동작구,중앙대학교사범대학부속중학교,156-859 서울특별시 동작구 서달로 124,
962,11590,동작구,경문고등학교,156-080 서울 동작구 동작동 산 동작대로 171,
963,11590,동작구,동작고등학교,156-095 서울특별시 동작구 사당5동 솔밭로 51,
964,11590,동작구,서울공업고등학교,156-810 서울특별시 동작구 대방동1길 46 서울공업고등학교,
965,11590,동작구,성남고등학교,156-809 서울특별시 동작구 대방동 375-1호,
966,11590,동작구,수도여자고등학교,156-850 서울특별시 동작구 신대방동 470-13,
967,11590,동작구,숭의여자고등학교,156-807 서울 동작구 대방동 36길 79 (대방동),
968,11590,동작구,영등포고등학교,156-807 서울특별시 동작구 등용로 8길(대방동) 5(대방동13-2),
969,11620,관악구,서울관악초등학교,151-842 서울 관악구 청룡4길 49 서울관악초등학교,
970,11620,관악구,서울구암초등학교,151-825 서울 관악구 성현동 491-5 서울구암초등학교,
971,11620,관악구,서울난곡초등학교,151-881 서울특별시 관악구 신림동 711-136,
972,11620,관악구,서울난우초등학교,151-878 서울특별시 관악구 난우길 40 (미성동 589번지),
973,11620,관악구,서울난향초등학교,151-885 서울 관악구 신림7동 672,
974,11620,관악구,서울남부초등학교,151-870 서울특별시 관악구 신사동 467,
975,11620,관악구,서울당곡초등학교,151-821 서울특별시 관악구 보라매동 693-2,
976,11620,관악구,서울미성초등학교,151-021 서울특별시 관악구 문성로 79,
977,11620,관악구,서울봉천초등학교,151-809 서울특별시 관악구 행운동 행운1라길 17,
978,11620,관악구,서울봉현초등학교,151-055 서울특별시 관악구 성현로 117,
979,11620,관악구,서울사당초등학교,151-802 서울특별시 관악구 남현동 1080-1,
980,11620,관악구,서울삼성초등학교,151-019 서울특별시 관악구 대학로 7길 52(신림동),
981,11620,관악구,서울신림초등학교,151-868 서울 관악구 신림1동 418-20,
982,11620,관악구,서울신봉초등학교,151-823 서울특별시 관악구 봉천10동 458,
983,11620,관악구,서울신성초등학교,151-927 서울 관악구 신림동 117,
984,11620,관악구,서울신우초등학교,151-015 서울특별시 관악구 신림동 315번지 호암길 109,
985,11620,관악구,서울원당초등학교,151-834 서울특별시 관악구 봉천동 1669-1,
986,11620,관악구,서울원신초등학교,151-861 서울특별시 관악구 광신길 177,
987,11620,관악구,서울은천초등학교,151-826 서울특별시 관악구 은천로 69,
988,11620,관악구,서울인헌초등학교,151-851 서울특별시 관악구 봉천동 212-3,
989,11620,관악구,서울조원초등학교,151-874 서울특별시 관악구 신림8동 548-2,
990,11620,관악구,서울청룡초등학교,151-050 서울특별시 관악구 봉천동 관악로5길 61,
991,11620,관악구,관악중학교,151-810 서울특별시 관악구 봉천6동 100-569,
992,11620,관악구,광신중학교,151-861 서울특별시 관악구 삼성동 328번지,
993,11620,관악구,구암중학교,151-055 서울특별시 관악구 봉천5동 1712-5,
994,11620,관악구,난우중학교,151-883 서울특별시 관악구 난곡동 난곡로 16길 32,
995,11620,관악구,남강중학교,151-880 서울특별시 관악구 신림3동 627-1,
996,11620,관악구,남서울중학교,151-907 서울특별시 관악구 신림동 1690-3,
997,11620,관악구,당곡중학교,151-051 서울특별시 관악구 봉천1동 682번지(봉천로 13길 101),
998,11620,관악구,미성중학교,151-888 서울특별시 관악구 미성동 745-24,
999,11620,관악구,봉림중학교,151-845 서울특별시 관악구 봉천동 1531-38,
1000,11620,관악구,봉원중학교,151-056 서울 관악구 관악로 24가길 15(봉천동),
1001,11620,관악구,삼성중학교,151-858 서울시 관악구 신림로3가길 39-24,
1002,11620,관악구,서울문영여자중학교,151-722 서울특별시 관악구 관악로 85,
1003,11620,관악구,성보중학교,151-907 서울특별시 관악구 신림동 1690,
1004,11620,관악구,신관중학교,151-853 서울특별시 관악구 서원동 산168번지,
1005,11620,관악구,신림중학교,151-856 서울특별시 관악구 서림동 134번지,
1006,11620,관악구,인헌중학교,151-850 서울특별시 관악구 인헌9길35 인헌중학교,
1007,11620,관악구,광신고등학교,151-861 서울특별시 관악구 삼성동 328,
1008,11620,관악구,광신정보산업고등학교,151-863 서울특별시 관악구 신림동 328번지,
1009,11620,관악구,구암고등학교,151-050 서울특별시 관악구 봉천동 1712-25,
1010,11620,관악구,남강고등학교,151-880 서울특별시 관악구 신림동 627-1,
1011,11620,관악구,당곡고등학교,151-821 서울특별시 관악구 보라매동 682,
1012,11620,관악구,미림여자고등학교,151-897 서울특별시 관악구 호암로 546,
1013,11620,관악구,미림여자정보과학고등학교,151-897 서울특별시 관악구 대학동 546(신림동),
1014,11620,관악구,삼성고등학교,151-858 서울특별시 관악구 대학동 신림로 41,
1015,11620,관악구,서울관광고등학교,151-826 서울 관악구 은천로 15길 25,
1016,11620,관악구,서울문영여자고등학교,151-723 서울 관악구 봉천4동 문영여고 85,
1017,11620,관악구,서울미술고등학교,151-727 서울특별시 관악구 남부순환로 247길 26,
1018,11620,관악구,서울여자상업고등학교,151-724 서울특별시 관악구 청룡동 서울여상 85,
1019,11620,관악구,성보고등학교,151-907 서울특별시 관악구 신림동 1690번지,
1020,11620,관악구,신림고등학교,151-907 서울특별시 관악구 미성동 산197-1,
1021,11620,관악구,영락고등학교,151-917 서울특별시 관악구 청룡동 영락고등학교 1558-1번지,
1022,11620,관악구,영락유헬스고등학교,151-918 서울특별시 관악구 청룡16길25 영락유헬스고등학교,
1023,11620,관악구,인헌고등학교,151-814 서울특별시 관악구 인헌동 174-5,
1024,11650,서초구,계성초등학교,137-800 서울특별시 서초구 반포동 6-1,
1025,11650,서초구,서울교육대학교부설초등학교,137-742 서울특별시 서초구 서초중앙로 96,
1026,11650,서초구,서울매헌초등학교,137-896 서울특별시 서초구 언남길8,
1027,11650,서초구,서울반원초등학교,137-909 서울특별시 서초구 잠원동 72,
1028,11650,서초구,서울반포초등학교,137-811 서울특별시 서초구 신반포로 55-4,
1029,11650,서초구,서울방배초등학교,137-838 서울특별시 서초구 방배4동 861-1번지(방배중앙로 13길 26),
1030,11650,서초구,서울방일초등학교,137-815 서울특별시 서초구 방배동 167-4,
1031,11650,서초구,서울방현초등학교,137-063 서울특별시 서초구 방배3동 산81-1,
1032,11650,서초구,서울서래초등학교,137-829 서울특별시 서초구 방배로 260 771번지,
1033,11650,서초구,서울서원초등학교,137-041 서울특별시 서초구 반포1동 30-8번지,
1034,11650,서초구,서울서이초등학교,137-859 서울특별시 서초구 서초2동 1334-2번지(서운로 35),
1035,11650,서초구,서울서일초등학교,137-865 서울특별시 서초구 남부순환로 339길 38,
1036,11650,서초구,서울서초초등학교,137-856 서울특별시 서초구 서운로 178,
1037,11650,서초구,서울신동초등학교,137-907 서울특별시 서초구 잠원동 54-5,
1038,11650,서초구,서울신중초등학교,137-867 서울특별시 서초구 남부순환로 317길 15,
1039,11650,서초구,서울양재초등학교,137-130 서울특별시 서초구 바우뫼로18길 14 양재동 101번지,
1040,11650,서초구,서울언남초등학교,137-170 서울특별시 서초구 염곡동 염곡안1길 25번지,
1041,11650,서초구,서울우면초등학교,137-901 서울특별시 서초구 우면동 690,
1042,11650,서초구,서울우솔초등학교,137-901 서울특별시 서초구 우면동 554-1,
1043,11650,서초구,서울우암초등학교,137-900 서울특별시 서초구 우면동 7길 38,
1044,11650,서초구,서울원명초등학교,137-074 서울 서초구 서초4동 1685-1번지,
1045,11650,서초구,서울원촌초등학교,137-801 서울특별시 서초구 사평대로 45길 26,
1046,11650,서초구,서울이수초등학교,137-819 서울특별시 서초구 방배동 방배천로4길 23,
1047,11650,서초구,서울잠원초등학교,137-800 서울시 서초구 사평대로 23길 14 서울잠원초등학교,
1048,11650,서초구,경원중학교,137-030 서울특별시 서초구 잠원동 66-1,
1049,11650,서초구,동덕여자중학교,137-063 서울특별시 서초구 방배3동 산82번지(효령로2길 123-5),
1050,11650,서초구,반포중학교,137-811 서울특별시 서초구 반포동 936,
1051,11650,서초구,방배중학교,137-807 서울특별시 서초구 동광로 144,
1052,11650,서초구,서문여자중학교,137-852 서울특별시 서초구 동광로12길 84,
1053,11650,서초구,서운중학교,137-857 서울특별시 서초구 서초동 1325-1,
1054,11650,서초구,서일중학교,137-856 서울특별시 서초구 서초4동 1313번지,
1055,11650,서초구,서초중학교,137-871 서울특별시 서초구 서초3동 1528번지,
1056,11650,서초구,세화여자중학교,137-049 서울특별시 서초구 반포본동 753번지,
1057,11650,서초구,신동중학교,137-907 서울특별시 서초구 잠원동 27,
1058,11650,서초구,신반포중학교,137-042 서울특별시 서초구 반포동 신반포로 19길 26,
1059,11650,서초구,언남중학교,137-896 서울특별시 서초구 동산로 55 (양재2동 310번지) 언남중학교,
1060,11650,서초구,영동중학교,137-901 서울특별시 서초구 우면동 154-3,
1061,11650,서초구,원촌중학교,137-041 서울특별시 서초구 반포1동 22번지,
1062,11650,서초구,이수중학교,137-062 서울특별시 서초구 방배2동 974-22번지,
1063,11650,서초구,동덕여자고등학교,137-063 서울특별시 서초구 방배3동 동덕여자고등학교,
1064,11650,서초구,반포고등학교,137-041 서울특별시 서초구 반포1동 30-19,
1065,11650,서초구,상문고등학교,137-849 서울특별시 서초구 방배동 명달로 45길,
1066,11650,서초구,서문여자고등학교,137-064 서울특별시 서초구 방배4동 동광로 12길 84(방배동),
1067,11650,서초구,서울고등학교,137-871 서울특별시 서초구 서초3동 1526-1번지,
1068,11650,서초구,서울전자고등학교,137-853 서울특별시 서초구 과천대로 852-23,
1069,11650,서초구,서초고등학교,137-952 서울특별시 서초구 서초동 1504,
1070,11650,서초구,세화고등학교,137-040 서울특별시 서초구 반포본동 753,
1071,11650,서초구,세화여자고등학교,137-049 서울특별시 서초구 반포동 753번지,
1072,11650,서초구,양재고등학교,137-072 서울특별시 서초구 서초2동 1376-4,
1073,11650,서초구,언남고등학교,137-896 서울 서초구 양재동 309,
1074,11680,강남구,서울개원초등학교,135-810 서울특별시 강남구 개포1동 660-10,
1075,11680,강남구,서울개일초등학교,135-804 서울 강남구 개포로 401,
1076,11680,강남구,서울개포초등학교,135-804 서울특별시 강남구 영동대로3길 45 (개포동) 개포초등학교,
1077,11680,강남구,서울구룡초등학교,135-808 서울특별시 강남구 개포동길 263,
1078,11680,강남구,서울논현초등학교,135-825 서울특별시 강남구 논현동 168,
1079,11680,강남구,서울대곡초등학교,135-837 서울특별시 강남구 대치2동 510번지,
1080,11680,강남구,서울대도초등학교,135-505 서울특별시 강남구 도곡동 106-1,
1081,11680,강남구,서울대모초등학교,135-239 서울특별시 강남구 일원본동 736번지,
1082,11680,강남구,서울대왕초등학교,135-190 서울특별시 강남구 세곡동 122-2,
1083,11680,강남구,서울대진초등학교,135-240 서울 강남구 개포로 109길 74,
1084,11680,강남구,서울대청초등학교,135-938 서울 강남구 712번지,
1085,11680,강남구,서울대치초등학교,135-280 서울특별시 강남구 양재천로 363번지,
1086,11680,강남구,서울대현초등학교,135-848 서울특별시 강남구 역삼로98길 16,
1087,11680,강남구,서울도곡초등학교,135-284 서울특별시 강남구 대치4동 924-10,
1088,11680,강남구,서울도성초등학교,135-919 서울특별시 강남구 역삼동 714,
1089,11680,강남구,서울봉은초등학교,135-090 서울특별시 강남구 삼성동 학동로 610 서울봉은초등학교,
1090,11680,강남구,서울삼릉초등학교,135-868 서울 강남구 봉은사로 63길 22 (삼성동),
1091,11680,강남구,서울세명초등학교,135-190 서울특별시 강남구 세곡동 464-9,
1092,11680,강남구,서울수서초등학교,135-884 서울특별시 강남구 광평로 51길 46(수서동 709번지),
1093,11680,강남구,서울신구초등학교,135-890 서울특별시 강남구 압구정로 18길 28,
1094,11680,강남구,서울압구정초등학교,135-905 서울특별시 강남구 압구정동 압구정로39길 29,
1095,11680,강남구,서울양전초등학교,135-243 서울 강남구 개포3동 183번지,
1096,11680,강남구,서울언북초등학교,135-950 서울특별시 강남구 삼성로 135길 42 (청담동),
1097,11680,강남구,서울언주초등학교,135-859 서울특별시 강남구 도곡동 922,
1098,11680,강남구,서울역삼초등학교,135-933 서울특별시 강남구 역삼동 833-7,
1099,11680,강남구,서울영희초등학교,135-943 서울특별시 강남구 일원1동 617번지,
1100,11680,강남구,서울왕북초등학교,135-220 서울특별시 강남구 수서동 745번지 서울왕북초등학교,
1101,11680,강남구,서울일원초등학교,135-230 서울특별시 강남구 일원동 영동대로4길 20,
1102,11680,강남구,서울청담초등학교,135-955 서울 강남구 청담1동 142번지,
1103,11680,강남구,서울포이초등학교,135-961 서울 강남구 개포로 22길 87(개포동),
1104,11680,강남구,서울학동초등학교,135-832 서울 강남구 논현동 264-7번지,
1105,11680,강남구,개원중학교,135-993 서울 강남구 영동대로 101 (개포동.184),
1106,11680,강남구,개포중학교,135-241 서울특별시 강남구 개포1동 660-37,
1107,11680,강남구,구룡중학교,135-806 서울특별시 강남구 개포동 650,
1108,11680,강남구,단국대학교사범대학부속중학교,135-852 서울 강남구 도곡로64길 21 단국대학교사범대학부속중학교,
1109,11680,강남구,대명중학교,135-847 서울 강남구 대치동 952번지,
1110,11680,강남구,대왕중학교,135-220 서울특별시 강남구 수서동 (수서동 750),
1111,11680,강남구,대청중학교,135-281 서울특별시 강남구 대치1동 502,
1112,11680,강남구,대치중학교,135-855 서울특별시 강남구 도곡2동 460번지,
1113,11680,강남구,도곡중학교,135-857 서울특별시 강남구 도곡동 541-2,
1114,11680,강남구,봉은중학교,135-871 서울특별시 강남구 삼성1동 82-7번지,
1115,11680,강남구,세곡중학교,135-200 서울특별시 강남구 자곡동 565-4,
1116,11680,강남구,수서중학교,135-884 서울특별시 강남구 광평로59길 57 (수서동. 수서중학교),
1117,11680,강남구,숙명여자중학교,135-270 서울특별시 강남구 도곡동 91번지(강남구 남부순환로2807),
1118,11680,강남구,신구중학교,135-894 서울시 강남구 압구정로 36길 17,
1119,11680,강남구,신사중학교,135-110 서울특별시 강남구 압구정동 413,
1120,11680,강남구,압구정중학교,135-903 서울특별시 강남구 압구정동 471,
1121,11680,강남구,언북중학교,135-816 서울특별시 강남구 도산대로38길 27,
1122,11680,강남구,언주중학교,135-092 서울특별시 강남구 삼성2동 28,
1123,11680,강남구,역삼중학교,135-927 서울 강남구 역삼2동 767-20,
1124,11680,강남구,은성중학교,135-270 서울특별시 강남구 도곡동 938-10,
1125,11680,강남구,중동중학교,135-946 서울특별시 강남구 일원2동 일원동,
1126,11680,강남구,진선여자중학교,135-919 서울특별시 강남구 선릉로 85길 27(역삼2동 713),
1127,11680,강남구,청담중학교,135-959 서울특별시 강남구 청담1동 압구정로61길 36,
1128,11680,강남구,휘문중학교,135-847 서울특별시 강남구 대치2동 952-1번지,
1129,11680,강남구,개포고등학교,135-240 서울특별시 강남구 개포동 173번지,
1130,11680,강남구,경기고등학교,135-090 서울 강남구 삼성동 영동대로 643,
1131,11680,강남구,경기여자고등학교,135-800 서울특별시 강남구 개포동 152,
1132,11680,강남구,국악고등학교,135-962 서울특별시 강남구 개포4동 1272번지,
1133,11680,강남구,단국공업고등학교,135-852 서울특별시 강남구 대치1동 1013,
1134,11680,강남구,단국대학교사범대학부속고등학교,135-852 서울특별시 강남구 대치동 1013,
1135,11680,강남구,대진디자인고등학교,135-220 서울특별시 강남구 수서동 733,
1136,11680,강남구,서울로봇고등학교,135-230 서울 강남구 일원동 738,
1137,11680,강남구,서울세종고등학교,135-220 서울특별시 강남구 수서동 711,
1138,11680,강남구,수도전기공업고등학교,135-800 서울특별시 강남구 개포동 개포로 410,
1139,11680,강남구,숙명여자고등학교,135-505 서울특별시 강남구 납부순환로 2807 도곡동(91),
1140,11680,강남구,압구정고등학교,135-903 서울 강남구 압구정1동 470번지,
1141,11680,강남구,영동고등학교,135-100 서울특별시 강남구 선릉로 742번지,
1142,11680,강남구,은광여자고등학교,135-859 서울특별시 강남구 도곡1동 938-10번지,
1143,11680,강남구,중동고등학교,135-943 서울 강남구 일원1동 일원로7,
1144,11680,강남구,중산고등학교,135-230 서울특별시 강남구 일원로14길22 (일원동.중산고등학교),
1145,11680,강남구,중앙대학교사범대학부속고등학교,135-270 서울특별시 강남구 선릉로 207 (도곡동 108),
1146,11680,강남구,진선여자고등학교,135-919 서울특별시 강남구 역삼2동 713번지,
1147,11680,강남구,청담고등학교,135-906 서울특별시 강남구 압구정2동 526,
1148,11680,강남구,현대고등학교,135-899 서울 강남구 압구정1동 425번지,
1149,11680,강남구,휘문고등학교,135-847 서울특별시 강남구 대치2동 952-1번지,
1150,11710,송파구,서울가동초등학교,138-810 서울특별시 송파구 가락동 163,
1151,11710,송파구,서울가원초등학교,138-202 서울특별시 송파구 문정2동 150-10,
1152,11710,송파구,서울가주초등학교,138-808 서울특별시 송파구 가락2동 오금로 40길 37 서울가주초등학교,
1153,11710,송파구,서울개롱초등학교,138-860 서울특별시 송파구 오금동 211,
1154,11710,송파구,서울거여초등학교,138-858 서울특별시 송파구 오금동 108,
1155,11710,송파구,서울거원초등학교,138-815 서울특별시 송파구 거여2동 296-1번지,
1156,11710,송파구,서울남천초등학교,138-818 서울 송파구 마천2동 53번지,
1157,11710,송파구,서울마천초등학교,138-121 서울특별시 송파구 마천1동 다길24,
1158,11710,송파구,서울문덕초등학교,138-200 서울특별시 송파구 문정동 90-3번지,
1159,11710,송파구,서울문정초등학교,138-200 서울특별시 송파구 문정동 12번지 서울문정초등학교,
1160,11710,송파구,서울방산초등학교,138-836 서울특별시 송파구 오금로 27길 42,
1161,11710,송파구,서울방이초등학교,138-833 서울특별시 송파구 방이1동 167번지 서울방이초등학교,
1162,11710,송파구,서울버들초등학교,138-915 서울특별시 송파구 잠실3동 35-6,
1163,11710,송파구,서울삼전초등학교,138-838 서울 송파구 삼전동 63번지,
1164,11710,송파구,서울석촌초등학교,138-846 서울 송파구 석촌동 267번지,
1165,11710,송파구,서울세륜초등학교,138-829 서울특별시 송파구 방이동 89-23,
1166,11710,송파구,서울송전초등학교,138-223 서울특별시 송파구 잠실3동 44-2,
1167,11710,송파구,서울송파초등학교,138-171 서울특별시 송파구 송파1동 400,
1168,11710,송파구,서울신가초등학교,138-801 서울 송파구 가락본동 43-1번지(장지동길 75),
1169,11710,송파구,서울신천초등학교,138-916 서울특별시 송파구 잠실동 27-5,
1170,11710,송파구,서울아주초등학교,138-227 서울특별시 송파구 잠실7동 354번지,
1171,11710,송파구,서울영풍초등학교,138-813 서울특별시 송파구 거여동 12번지,
1172,11710,송파구,서울오금초등학교,138-855 서울특별시 송파구 오금동 7번지 오금초등학교,
1173,11710,송파구,서울오륜초등학교,138-050 서울특별시 송파구 방이동 양재대로 1196,
1174,11710,송파구,서울잠동초등학교,138-240 서울특별시 송파구 올림픽로35길 122,
1175,11710,송파구,서울잠신초등학교,138-222 서울특별시 송파구 잠실2동 22-10,
1176,11710,송파구,서울잠실초등학교,138-224 서울특별시 송파구 잠실4동 20-1,
1177,11710,송파구,서울잠일초등학교,138-222 서울특별시 송파구 잠실2동 19,
1178,11710,송파구,서울잠전초등학교,138-863 서울특별시 송파구 잠실본동 229(새내길 18번지),
1179,11710,송파구,서울잠현초등학교,138-240 서울특별시 송파구 신천동 17-3번지,
1180,11710,송파구,서울장지초등학교,138-210 서울특별시 송파구 장지동 185-2,
1181,11710,송파구,서울중대초등학교,138-854 서울특별시 송파구 송파동 191,
1182,11710,송파구,서울토성초등학교,138-874 서울특별시 송파구 풍납2동 251번지(벌말8길 48),
1183,11710,송파구,서울평화초등학교,138-806 서울 송파구 가락본동 106번지,
1184,11710,송파구,서울풍납초등학교,138-873 서울특별시 송파구 풍납1동 165,
1185,11710,송파구,서울풍성초등학교,138-878 서울특별시 송파구 풍납2동 388-8,
1186,11710,송파구,가락중학교,138-854 서울 송파구 송파2동 168번지,
1187,11710,송파구,가원중학교,138-169 서울 송파구 가락본동 106-3,
1188,11710,송파구,거원중학교,138-112 서울특별시 송파구 거여2동 296,
1189,11710,송파구,문정중학교,138-824 서울특별시 송파구 문정동 12-1,
1190,11710,송파구,문현중학교,138-923 서울특별시 송파구 장지동 838-3,
1191,11710,송파구,방산중학교,138-051 서울특별시 송파구 방이1동 220번지,
1192,11710,송파구,방이중학교,138-828 서울 송파구 방이2동 53번지,
1193,11710,송파구,배명중학교,138-841 서울특별시 송파구 삼전동 172-1,
1194,11710,송파구,보성중학교,138-050 서울특별시 송파구 방이동 89-22,
1195,11710,송파구,보인중학교,138-860 서울특별시 송파구 오금동 162번지,
1196,11710,송파구,서울체육중학교,138-151 서울특별시 송파구 오륜동 88-14번지,
1197,11710,송파구,석촌중학교,138-801 서울 송파구 가락본동 43번지,
1198,11710,송파구,세륜중학교,138-855 서울특별시 송파구 오금동 7-3,
1199,11710,송파구,송파중학교,138-807 서울특별시 송파구 가락2동 139,
1200,11710,송파구,신천중학교,138-222 서울특별시 송파구 잠실2동 19-4(백제고분로 13),
1201,11710,송파구,아주중학교,138-892 서울특별시 송파구 잠실동 115,
1202,11710,송파구,영파여자중학교,138-042 서울특별시 송파구 풍납2동 501번지,
1203,11710,송파구,오금중학교,138-855 서울특별시 송파구 오금동 34,
1204,11710,송파구,오륜중학교,138-151 서울특별시 송파구 오륜동 89-7번지,
1205,11710,송파구,오주중학교,138-857 서울특별시 송파구 오금동 59,
1206,11710,송파구,일신여자중학교,138-170 서울 송파구 송파동 99-2번지,
1207,11710,송파구,잠신중학교,138-222 서울특별시 송파구 잠실2동 22-1,
1208,11710,송파구,잠실중학교,138-240 서울특별시 송파구 신천동 7-1,
1209,11710,송파구,정신여자중학교,138-227 서울특별시 송파구 잠실7동 4길 16(잠실동),
1210,11710,송파구,풍납중학교,138-878 서울특별시 송파구 올림픽로 43길 20,
1211,11710,송파구,풍성중학교,138-878 서울특별시 송파구 풍납2동 388-16번지,
1212,11710,송파구,가락고등학교,138-854 서울특별시 송파구 송파동 172,
1213,11710,송파구,문정고등학교,138-200 서울특별시 송파구 문정동 90,
1214,11710,송파구,문현고등학교,138-871 서울시 송파구 충민로 115,
1215,11710,송파구,방산고등학교,138-050 서울특별시 송파구 오금로 27길 18 (방이동 220-5),
1216,11710,송파구,배명고등학교,138-841 서울특별시 송파구 삼전동 11길 (삼전동 172-1번지),
1217,11710,송파구,보성고등학교,138-050 서울특별시 송파구 방이동 89-22번지,
1218,11710,송파구,보인고등학교,138-860 서울 송파구 오금동 162,
1219,11710,송파구,서울체육고등학교,138-050 서울특별시 송파구 방이동 88-14번지,
1220,11710,송파구,송파공업고등학교,138-110 서울특별시 송파구 양산로 21 송파공업고등학교,
1221,11710,송파구,영동일고등학교,138-915 서울특별시 송파구 석촌호수로 93번지,
1222,11710,송파구,영파여자고등학교,138-879 서울특별시 송파구 풍납2동 501번지,
1223,11710,송파구,오금고등학교,138-855 서울특별시 송파구 중대로 247 (오금동 34-3),
1224,11710,송파구,일신여자상업고등학교,138-854 서울특별시 송파구 송파동 99-2,
1225,11710,송파구,잠신고등학교,138-911 서울특별시 송파구 잠실로 24 (잠실동 22-2),
1226,11710,송파구,잠실고등학교,138-240 서울특별시 송파구 신천동 17-1,
1227,11710,송파구,잠실여자고등학교,138-170 서울 송파구 송파동 99-2,
1228,11710,송파구,잠일고등학교,138-220 서울특별시 송파구 잠실동 19-2,
1229,11710,송파구,정신여자고등학교,138-227 서울특별시 송파구 잠실동 50-4번지,
1230,11710,송파구,창덕여자고등학교,138-829 서울특별시 송파구 방이동 89-6,
1231,11740,강동구,서울강덕초등학교,134-803 서울특별시 강동구 고덕2동 방죽말길 167-1,
1232,11740,강동구,서울강동초등학교,134-867 서울 강동구 천호4동 306,
1233,11740,강동구,서울강명초등학교,134-834 서울특별시 강동구 상일로 74-1 (상일동 98),
1234,11740,강동구,서울강일초등학교,134-100 서울특별시 강동구 강일동 아리수로 98길 24 (강일동. 서울강일초등학교),
1235,11740,강동구,서울고덕초등학교,134-800 서울특별시 강동구 고덕동 158,
1236,11740,강동구,서울고명초등학교,134-070 서울특별시 강동구 명일동 296-1번지,
1237,11740,강동구,서울고일초등학교,134-836 서울특별시 강동구 상일동 125번지,
1238,11740,강동구,서울길동초등학교,134-812 서울특별시 강동구 길1동 362번지,
1239,11740,강동구,서울대명초등학교,134-826 서울특별시 강동구 명일2동 234번지 (상암길 271 ),
1240,11740,강동구,서울둔촌초등학교,134-819 서울특별시 강동구 양재대로 88길 27,
1241,11740,강동구,서울명덕초등학교,134-805 서울 강동구 고덕1동 487-15,
1242,11740,강동구,서울명원초등학교,134-072 서울특별시 강동구 명일2동 명일로 364,
1243,11740,강동구,서울명일초등학교,134-854 서울 강동구 암사4동 418-18번지,
1244,11740,강동구,서울묘곡초등학교,134-081 서울특별시 강동구 고덕1동 46 서울묘곡초등학교,
1245,11740,강동구,서울상일초등학교,134-090 서울특별시 강동구 상일동 328번지,
1246,11740,강동구,서울선린초등학교,134-062 서울특별시 강동구 둔촌2동 91번지,
1247,11740,강동구,서울선사초등학교,134-876 서울특별시 강동구 암사2동 186-1번지,
1248,11740,강동구,서울성내초등학교,134-031 서울특별시 강동구 성내1동 성내로 3길 19번지,
1249,11740,강동구,서울성일초등학교,134-850 서울 강동구 성내1동 531,
1250,11740,강동구,서울신명초등학교,134-808 서울특별시 강동구 길2동 42번지,
1251,11740,강동구,서울신암초등학교,134-877 서울특별시 강동구 암사2동 33-16번(암사동517),
1252,11740,강동구,서울위례초등학교,134-819 서울특별시 강동구 둔촌1동 23(둔촌동),
1253,11740,강동구,서울천동초등학교,134-813 서울 강동구 길동 성안로 200,
1254,11740,강동구,서울천일초등학교,134-865 서울 강동구 천호1동 217-70번지,
1255,11740,강동구,서울천호초등학교,134-866 서울특별시 강동구 천호1동 230-9,
1256,11740,강동구,서울한산초등학교,134-818 서울특별시 강동구 둔촌2동 149번지,
1257,11740,강동구,강동중학교,134-100 서울특별시 강동구 강일동 347-3,
1258,11740,강동구,강명중학교,134-100 서울 강동구 강일동 737번지,
1259,11740,강동구,강일중학교,134-855 서울특별시 강동구 암사3동 27길 12,
1260,11740,강동구,고덕중학교,134-803 서울 강동구 고덕2동 223,
1261,11740,강동구,동북중학교,134-820 서울특별시 강동구 둔촌1동 180-2,
1262,11740,강동구,동신중학교,134-020 서울특별시 강동구 천호동 447-9번지,
1263,11740,강동구,둔촌중학교,134-817 서울특별시 강동구 둔촌동 19-1,
1264,11740,강동구,명일중학교,134-805 서울특별시 강동구 고덕1동 489번지,
1265,11740,강동구,배재중학교,134-787 서울특별시 강동구 고덕동 313번지,
1266,11740,강동구,상일여자중학교,134-837 서울 강동구 천호대로 219길 61(상일동) 189번지,
1267,11740,강동구,성내중학교,134-850 서울시 강동구 성안로 7길 36,
1268,11740,강동구,성덕여자중학교,134-861 서울특별시 강동구 구천면로 396번지 구)천호1동 23-3,
1269,11740,강동구,신명중학교,134-808 서울특별시 강동구 길2동 42번지,
1270,11740,강동구,신암중학교,134-855 서울 강동구 암사3동 65번지,
1271,11740,강동구,천일중학교,134-867 서울특별시 강동구 천호동 313-5,
1272,11740,강동구,천호중학교,134-861 서울특별시 강동구 상암길153 (천호동. 천호중학교),
1273,11740,강동구,한산중학교,134-818 서울특별시 강동구 둔촌2동 161-1,
1274,11740,강동구,한영중학교,134-710 서울특별시 강동구 동남로 832,
1275,11740,강동구,강동고등학교,134-837 서울특별시 강동구 구천면로 572,
1276,11740,강동구,강일고등학교,134-100 서울특별시 강동구 강일동 685-1,
1277,11740,강동구,광문고등학교,134-803 서울특별시 강동구 고덕동 295,
1278,11740,강동구,동북고등학교,134-820 서울특별시 강동구 둔촌동 180-2,
1279,11740,강동구,둔촌고등학교,134-062 서울특별시 강동구 명일로140 (둔촌동79-3),
1280,11740,강동구,명일여자고등학교,134-825 서울특별시 강동구 명일동 40,
1281,11740,강동구,배재고등학교,134-878 서울특별시 강동구 고덕1동 313번지/고덕동길227,
1282,11740,강동구,상일미디어고등학교,134-837 서울 강동구 상일동 189번지,
1283,11740,강동구,상일여자고등학교,134-090 서울특별시 강동구 상일동 상일여자고등학교,
1284,11740,강동구,선사고등학교,134-855 서울 강동구 암사동 448,
1285,11740,강동구,성덕고등학교,134-861 서울특별시 강동구 구천면로 396,
1286,11740,강동구,한영고등학교,134-837 서울 강동구 동남로 832,
1287,11740,강동구,한영외국어고등학교,134-710 서울 강동구 상일동 166번지 166,
1288,11740,강동구,현강정보고등학교,134-803 서울특별시 강동구 고덕2동 295-1번지,
